序号,学号,考场,教室号,客观题成绩,主观题成绩,总分
1,2019213702,第三考场,N105,31,98,129
2,2019212355,第十五考场, S114,30,98,128
3,2017213307,第十考场,3-540,33,94,127
4,2018212970,第五考场, N111,31,95,126
5,2018213688,第十五考场, S114,31,95,126
6,2019213644,第九考场, N206,33,93,126
7,2019213490,第三考场,N105,34,90,124
8,2018210176,第十六考场,4-401,32,91.5,123.5
9,2018212853,第五考场, N111,32,91,123
10,2019212617,第十一考场, N209,32,91,123
11,2018211290,第四考场,3-433,33,90,123
12,2019212748,第十二考场, S106,29,93,122
13,2017210132,第十四考场,4-302,33,89,122
14,2018212663,第四考场,N108,31,90.5,121.5
15,2018213060,第六考场,  N113,28,93,121
16,2018211362,第六考场,3-437,31,90,121
17,2019212744,第十二考场, S106,32,89,121
18,2019210442,第十九考场, S208,32,89,121
19,2019211091,第十二考场, S106,32,89,121
20,2019213269,第七考场, N118,33,87.5,120.5
21,2019212589,第十三考场,S107,33,87.5,120.5
22,2019211462,第十一考场, N209,33,87.5,120.5
23,2018213253,第十考场,3-540,34,86.5,120.5
24,2018212418,第十考场,3-540,28,92,120
25,2018213061,第三考场,N105,30,90,120
26,2019213129,第六考场,  N113,31,89,120
27,2019213454,第九考场, N206,32,88,120
28,2019210587,第十九考场, S208,33,87,120
29,2018212650,第二考场,N104,31,88.5,119.5
30,2018211034,第三考场,3-337,31,88.5,119.5
31,2018210678,第十四考场,4-302,33,86.5,119.5
32,2018211389,第六考场,3-437,33,86.5,119.5
33,2019213045,第六考场,  N113,34,85.5,119.5
34,2019212233,第十六考场,S118,34,85.5,119.5
35,2018211203,第五考场,3-435,30,89,119
36,2019211488,第十一考场, N209,32,87,119
37,2018212216,第九考场,3-539,32,87,119
38,2019213083,第六考场,  N113,32,87,119
39,2018211153,第五考场,3-435,32,87,119
40,2018211673,第十一考场,4-202,33,86,119
41,2019213476,第三考场,N105,33,86,119
42,2018213555,第六考场,3-437,31,87.5,118.5
43,2019212274,第二十考场,S210,32,86.5,118.5
44,2018213396,第六考场,3-437,33,85.5,118.5
45,2019213493,第三考场,N105,29,89,118
46,2019210074,第十五考场, S114,32,86,118
47,2018212940,第五考场, N111,27,90.5,117.5
48,2018212212,第九考场,3-539,31,86.5,117.5
49,2018213231,第三考场,N105,26,91,117
50,2018211421,第六考场,3-437,29,88,117
51,2018213237,第三考场,N105,29,88,117
52,2017212317,第十考场,3-540,31,86,117
53,2019213172,第七考场, N118,32,85,117
54,2018211123,第六考场,3-437,32,85,117
55,2019211827,第十六考场,S118,30,86.5,116.5
56,2018213268,第十考场,3-540,30,86.5,116.5
57,2018212980,第五考场, N111,31,85.5,116.5
58,2018211039,第三考场,3-337,32,84.5,116.5
59,2018212258,第六考场,3-437,34,82.5,116.5
60,2018213146,第三考场,N105,27,89,116
61,2018213556,第四考场,3-433,28,88,116
62,2018210126,第五考场,3-435,31,85,116
63,2019210454,第十九考场, S208,31,85,116
64,2019211247,第十二考场, S106,32,84,116
65,2017210982,第二考场,3-335,32,84,116
66,2017211115,第四考场,3-433,32,84,116
67,2018211165,第六考场,3-437,30,85.5,115.5
68,2018211164,第五考场,3-435,30,85.5,115.5
69,2018210680,第十四考场,4-302,30,85.5,115.5
70,2018210514,第十六考场,4-401,31,84.5,115.5
71,2018213022,第五考场, N111,31,84.5,115.5
72,2017211707,第十六考场,4-401,31,84.5,115.5
73,2017210635,第十五考场,4-303,32,83.5,115.5
74,2018210726,第十四考场,4-302,32,83.5,115.5
75,2018211011,第三考场,3-337,33,82.5,115.5
76,2019213516,第八考场,  N201,33,82.5,115.5
77,2019213114,第六考场,  N113,29,86,115
78,2018213277,第十考场,3-540,29,86,115
79,2018211798,第十六考场,4-401,30,85,115
80,2018212407,第十考场,3-540,30,85,115
81,2018210255,第六考场,3-437,31,84,115
82,2018211228,第五考场,3-435,31,84,115
83,2018211280,第四考场,3-433,31,84,115
84,2019213369,第九考场, N206,32,83,115
85,2019211321,第十一考场, N209,32,83,115
86,2019210413,第十九考场, S208,33,82,115
87,2019210817,第二十考场,S210,33,82,115
88,2019210670,第十九考场, S208,29,85.5,114.5
89,2018211372,第六考场,3-437,29,85.5,114.5
90,2019213550,第八考场,  N201,30,84.5,114.5
91,2019211710,第十六考场,S118,30,84.5,114.5
92,2018211142,第五考场,3-435,31,83.5,114.5
93,2019210560,第十九考场, S208,31,83.5,114.5
94,2019213087,第六考场,  N113,31,83.5,114.5
95,2019522003,第十五考场, S114,32,82.5,114.5
96,2018213443,第十五考场, S114,29,85,114
97,2019212607,第十二考场, S106,29,85,114
98,2019210126,第十八考场, S205,30,84,114
99,2019212473,第十五考场, S114,30,84,114
100,2018212775,第十六考场,S118,31,83,114
101,2019212700,第十二考场, S106,32,82,114
102,2019210277,第十八考场, S205,32,82,114
103,2019213705,第三考场,N105,32,82,114
104,2018210796,第十二考场,4-203,32,82,114
105,2019213468,第三考场,N105,32,82,114
106,2018210808,第一考场,3-333,33,81,114
107,2018210257,第五考场,3-435,31,82.5,113.5
108,2019212728,第十二考场, S106,31,82.5,113.5
109,2019212176,第十四考场, S112,32,81.5,113.5
110,2019211800,第十五考场, S114,33,80.5,113.5
111,2018213019,第五考场, N111,26,87,113
112,2018213192,第三考场,N105,28,85,113
113,2019211981,第十一考场, N209,28,85,113
114,2017212244,第八考场,3-537,28,85,113
115,2019212417,第十五考场, S114,29,84,113
116,2018213224,第三考场,N105,30,83,113
117,2019213548,第八考场,  N201,30,83,113
118,2018211606,第六考场,3-437,31,82,113
119,2018211353,第五考场,3-435,31,82,113
120,2017210653,第十五考场,4-303,31,82,113
121,2019212198,第十四考场, S112,32,81,113
122,2018212829,第十六考场,S118,32,81,113
123,2018212370,第十三考场,S107,32,81,113
124,2019213203,第七考场, N118,32,81,113
125,2019210018,第二十考场,S210,35,78,113
126,2019212914,第十三考场,S107,29,83.5,112.5
127,2018211642,第十一考场,4-202,29,83.5,112.5
128,2018213166,第六考场,  N113,30,82.5,112.5
129,2019210991,第一考场,N103,30,82.5,112.5
130,2017210850,第二考场,3-335,31,81.5,112.5
131,2019213043,第六考场,  N113,31,81.5,112.5
132,2018210016,第十二考场,4-203,31,81.5,112.5
133,2019211316,第二十一考场,N403,31,81.5,112.5
134,2017210763,第十五考场,4-303,31,81.5,112.5
135,2018213414,第十六考场,S118,32,80.5,112.5
136,2019210759,第二十考场,S210,32,80.5,112.5
137,2018212653,第十六考场,S118,32,80.5,112.5
138,2018213602,第十五考场, S114,26,86,112
139,2018210698,第十三考场,4-238,28,84,112
140,2019212284,第十五考场, S114,28,84,112
141,2019211633,第十六考场,S118,29,83,112
142,2018210458,第十六考场,4-401,30,82,112
143,2019213494,第三考场,N105,31,81,112
144,2019213402,第九考场, N206,32,80,112
145,2019213491,第三考场,N105,32,80,112
146,2018211480,第六考场,3-437,32,80,112
147,2019213123,第六考场,  N113,32,80,112
148,2018212850,第五考场, N111,33,79,112
149,2018212823,第五考场, N111,27,84.5,111.5
150,2018212913,第五考场, N111,27,84.5,111.5
151,2018211916,第六考场,3-437,28,83.5,111.5
152,2018210765,第十四考场,4-302,28,83.5,111.5
153,2018212531,第十考场,3-540,28,83.5,111.5
154,2018211095,第三考场,3-337,29,82.5,111.5
155,2018212037,第九考场,3-539,30,81.5,111.5
156,2018211418,第六考场,3-437,30,81.5,111.5
157,2018210819,第三考场,3-337,30,81.5,111.5
158,2019213651,第九考场, N206,30,81.5,111.5
159,2018212608,第四考场,N108,30,81.5,111.5
160,2018211243,第五考场,3-435,31,80.5,111.5
161,2017211756,第十六考场,4-401,32,79.5,111.5
162,2019210160,第十八考场, S205,32,79.5,111.5
163,2018212694,第四考场,N108,32,79.5,111.5
164,2019213616,第八考场,  N201,33,78.5,111.5
165,2017212243,第八考场,3-537,28,83,111
166,2019210566,第十九考场, S208,28,83,111
167,2018210120,第十二考场,4-203,28,83,111
168,2018213110,第三考场,N105,29,82,111
169,2019213108,第六考场,  N113,29,82,111
170,2018212173,第九考场,3-539,29,82,111
171,2018212615,第四考场,N108,30,81,111
172,2018213209,第三考场,N105,30,81,111
173,2018213335,第十考场,3-540,30,81,111
174,2018211116,第五考场,3-435,31,80,111
175,2019212569,第十三考场,S107,31,80,111
176,2019213653,第九考场, N206,31,80,111
177,2019212457,第十五考场, S114,31,80,111
178,2019213700,第三考场,N105,31,80,111
179,2018213157,第三考场,N105,32,79,111
180,2019213140,第六考场,  N113,32,79,111
181,2019213358,第九考场, N206,33,78,111
182,2019213711,第三考场,N105,33,78,111
183,2018211413,第六考场,3-437,33,78,111
184,2018213007,第五考场, N111,27,83.5,110.5
185,2019210383,第十八考场, S205,27,83.5,110.5
186,2018211714,第十一考场,4-202,29,81.5,110.5
187,2017212022,第七考场,3-535,29,81.5,110.5
188,2018212855,第五考场, N111,29,81.5,110.5
189,2019210106,第二十考场,S210,30,80.5,110.5
190,2018213251,第十考场,3-540,31,79.5,110.5
191,2018212919,第五考场, N111,32,78.5,110.5
192,2019210965,第一考场,N103,32,78.5,110.5
193,2018211467,第六考场,3-437,33,77.5,110.5
194,2019213499,第八考场,  N201,29,81,110
195,2019213267,第七考场, N118,30,80,110
196,2018211436,第六考场,3-437,30,80,110
197,2018213582,第六考场,3-437,30,80,110
198,2017211058,第四考场,3-433,30,80,110
199,2019211627,第十一考场, N209,31,79,110
200,2019212897,第十三考场,S107,31,79,110
201,2018213143,第三考场,N105,32,78,110
202,2019211880,第十七考场, S202,32,78,110
203,2018213065,第三考场,N105,32,78,110
204,2017212629,第四考场,3-433,32,78,110
205,2018213175,第六考场,  N113,32,78,110
206,2018210679,第十四考场,4-302,33,77,110
207,2018211351,第五考场,3-435,33,77,110
208,2018213515,第十考场,3-540,33,77,110
209,2019212773,第十四考场, S112,34,76,110
210,2019213522,第八考场,  N201,27,82.5,109.5
211,2019210510,第十九考场, S208,28,81.5,109.5
212,2019210390,第十八考场, S205,30,79.5,109.5
213,2018212576,第四考场,N108,30,79.5,109.5
214,2019213271,第七考场, N118,30,79.5,109.5
215,2019212444,第十五考场, S114,30,79.5,109.5
216,2017210464,第十五考场,4-303,30,79.5,109.5
217,2017210508,第十五考场,4-303,30,79.5,109.5
218,2018211933,第七考场,3-535,31,78.5,109.5
219,2019213524,第八考场,  N201,31,78.5,109.5
220,2017210001,第十四考场,4-302,31,78.5,109.5
221,2019212950,第十三考场,S107,31,78.5,109.5
222,2018210416,第十三考场,4-238,31,78.5,109.5
223,2018211747,第七考场,3-535,32,77.5,109.5
224,2018210295,第十二考场,4-203,32,77.5,109.5
225,2018210442,第十六考场,4-401,32,77.5,109.5
226,2018210061,第十二考场,4-203,33,76.5,109.5
227,2019210673,第十九考场, S208,33,76.5,109.5
228,2018212661,第四考场,N108,34,75.5,109.5
229,2019213588,第八考场,  N201,27,82,109
230,2019211750,第十七考场, S202,27,82,109
231,2019210604,第十九考场, S208,27,82,109
232,2017210447,第十一考场,4-202,28,81,109
233,2019213482,第三考场,N105,28,81,109
234,2018210766,第十六考场,4-401,29,80,109
235,2019213296,第七考场, N118,29,80,109
236,2018212533,第十考场,3-540,29,80,109
237,2018212820,第二考场,N104,30,79,109
238,2018212724,第四考场,N108,30,79,109
239,2019213324,第八考场,  N201,30,79,109
240,2018212935,第五考场, N111,30,79,109
241,2019213714,第三考场,N105,31,78,109
242,2018210590,第十三考场,4-238,31,78,109
243,2019213541,第八考场,  N201,31,78,109
244,2019212653,第十二考场, S106,24,84.5,108.5
245,2018210474,第十三考场,4-238,26,82.5,108.5
246,2018212278,第九考场,3-539,26,82.5,108.5
247,2018211065,第三考场,3-337,26,82.5,108.5
248,2019212678,第十四考场, S112,27,81.5,108.5
249,2019211621,第十一考场, N209,27,81.5,108.5
250,2018211062,第三考场,3-337,29,79.5,108.5
251,2018212857,第五考场, N111,29,79.5,108.5
252,2019212952,第十三考场,S107,29,79.5,108.5
253,2019210107,第二十考场,S210,29,79.5,108.5
254,2019212690,第二十考场,S210,29,79.5,108.5
255,2018211112,第五考场,3-435,30,78.5,108.5
256,2019211854,第十七考场, S202,30,78.5,108.5
257,2018213415,第十四考场, S112,30,78.5,108.5
258,2019213347,第九考场, N206,30,78.5,108.5
259,2018210846,第一考场,3-333,31,77.5,108.5
260,2018210179,第十二考场,4-203,31,77.5,108.5
261,2018213692,第十四考场, S112,31,77.5,108.5
262,2018211198,第五考场,3-435,31,77.5,108.5
263,2018212417,第十考场,3-540,31,77.5,108.5
264,2019212547,第十三考场,S107,32,76.5,108.5
265,2018211230,第五考场,3-435,32,76.5,108.5
266,2018211408,第六考场,3-437,32,76.5,108.5
267,2019213302,第七考场, N118,27,81,108
268,2018211724,第十七考场,4-444,28,80,108
269,2018210885,第一考场,3-333,28,80,108
270,2019212718,第十二考场, S106,29,79,108
271,2018212300,第九考场,3-539,29,79,108
272,2018212471,第十三考场,4-238,29,79,108
273,2017211933,第五考场,3-435,29,79,108
274,2018212288,第七考场,3-535,29,79,108
275,2018213541,第九考场,3-539,29,79,108
276,2018212633,第二考场,N104,29,79,108
277,2018212944,第五考场, N111,29,79,108
278,2019210002,第十七考场, S202,29,79,108
279,2019210341,第十八考场, S205,30,78,108
280,2018212854,第五考场, N111,30,78,108
281,2019212385,第十五考场, S114,31,77,108
282,2018213196,第三考场,N105,31,77,108
283,2018211659,第十一考场,4-202,31,77,108
284,2018212679,第四考场,N108,31,77,108
285,2018210485,第十三考场,4-238,31,77,108
286,2019210534,第十九考场, S208,32,76,108
287,2019212135,第十四考场, S112,32,76,108
288,2019213193,第七考场, N118,32,76,108
289,2018210722,第十三考场,4-238,33,75,108
290,2019211716,第十四考场, S112,29,78.5,107.5
291,2019213207,第七考场, N118,29,78.5,107.5
292,2019213008,第十三考场,S107,30,77.5,107.5
293,2018211912,第七考场,3-535,30,77.5,107.5
294,2019211780,第十七考场, S202,30,77.5,107.5
295,2019210214,第十八考场, S205,31,76.5,107.5
296,2018210569,第十四考场,4-302,31,76.5,107.5
297,2019211943,第二十一考场,N403,31,76.5,107.5
298,2018210418,第十三考场,4-238,31,76.5,107.5
299,2018211773,第十一考场,4-202,32,75.5,107.5
300,2019212686,第十一考场, N209,32,75.5,107.5
301,2019213688,第九考场, N206,33,74.5,107.5
302,2018210498,第十四考场,4-302,33,74.5,107.5
303,2018211424,第六考场,3-437,33,74.5,107.5
304,2018213104,第三考场,N105,23,84,107
305,2018522089,第十六考场,4-401,25,82,107
306,2018210990,第六考场,3-437,25,82,107
307,2019210571,第十九考场, S208,25,82,107
308,2019212720,第十二考场, S106,26,81,107
309,2019212017,第十一考场, N209,27,80,107
310,2018212916,第五考场, N111,27,80,107
311,2018213538,第三考场,3-337,27,80,107
312,2019210252,第十八考场, S205,28,79,107
313,2019213709,第三考场,N105,28,79,107
314,2019213165,第七考场, N118,28,79,107
315,2018212181,第二考场,3-335,28,79,107
316,2019213321,第八考场,  N201,28,79,107
317,2019211397,第十一考场, N209,28,79,107
318,2018210296,第十二考场,4-203,28,79,107
319,2019210064,第十七考场, S202,28,79,107
320,2018211572,第六考场,3-437,29,78,107
321,2019211133,第二考场,N104,29,78,107
322,2019213081,第六考场,  N113,29,78,107
323,2018211703,第十六考场,4-401,29,78,107
324,2019212406,第十五考场, S114,30,77,107
325,2017213638,第十一考场,4-202,30,77,107
326,2019213376,第三考场,N105,30,77,107
327,2019210502,第十九考场, S208,30,77,107
328,2019211316,第二十一考场,N403,30,77,107
329,2018210047,第十二考场,4-203,31,76,107
330,2019210857,第一考场,N103,31,76,107
331,2019213685,第九考场, N206,31,76,107
332,2018212211,第九考场,3-539,32,75,107
333,2019210386,第十七考场, S202,32,75,107
334,2019212419,第十五考场, S114,32,75,107
335,2018212141,第三考场,3-337,33,74,107
336,2018211368,第六考场,3-437,33,74,107
337,2018211015,第三考场,3-337,25,81.5,106.5
338,2018212159,第二考场,N104,28,78.5,106.5
339,2019213055,第六考场,  N113,28,78.5,106.5
340,2019522040,第十七考场, S202,29,77.5,106.5
341,2019213545,第八考场,  N201,29,77.5,106.5
342,2019211051,第二考场,N104,29,77.5,106.5
343,2018210092,第十六考场,4-401,30,76.5,106.5
344,2019213178,第七考场, N118,30,76.5,106.5
345,2018210968,第一考场,3-333,30,76.5,106.5
346,2018212358,第十三考场,S107,30,76.5,106.5
347,2019213357,第九考场, N206,30,76.5,106.5
348,2019210007,第二十考场,S210,31,75.5,106.5
349,2018210902,第一考场,3-333,32,74.5,106.5
350,2017210921,第二考场,3-335,32,74.5,106.5
351,2018211713,第十一考场,4-202,25,81,106
352,2018213324,第十考场,3-540,26,80,106
353,2019210487,第十九考场, S208,27,79,106
354,2019210932,第一考场,N103,27,79,106
355,2019210253,第十八考场, S205,28,78,106
356,2019211619,第十一考场, N209,28,78,106
357,2018213217,第三考场,N105,28,78,106
358,2019213266,第七考场, N118,29,77,106
359,2019213174,第七考场, N118,29,77,106
360,2019210385,第十八考场, S205,30,76,106
361,2018212237,第九考场,3-539,30,76,106
362,2018210142,第十二考场,4-203,30,76,106
363,2019212389,第十五考场, S114,30,76,106
364,2018212131,第九考场,3-539,31,75,106
365,2018212340,第九考场,3-539,31,75,106
366,2019210754,第二十考场,S210,32,74,106
367,2018210702,第十四考场,4-302,32,74,106
368,2018213137,第三考场,N105,32,74,106
369,2019211843,第十七考场, S202,32,74,106
370,2019211332,第十一考场, N209,32,74,106
371,2019211490,第十一考场, N209,32,74,106
372,2018211947,第七考场,3-535,33,73,106
373,2018210658,第十四考场,4-302,33,73,106
374,2018211676,第十一考场,4-202,25,80.5,105.5
375,2018212978,第五考场, N111,25,80.5,105.5
376,2018211620,第六考场,3-437,27,78.5,105.5
377,2019213316,第八考场,  N201,27,78.5,105.5
378,2019213027,第六考场,  N113,28,77.5,105.5
379,2018210422,第十四考场,4-302,28,77.5,105.5
380,2018213686,第十四考场, S112,28,77.5,105.5
381,2018211445,第六考场,3-437,28,77.5,105.5
382,2019213110,第六考场,  N113,29,76.5,105.5
383,2019210121,第十八考场, S205,29,76.5,105.5
384,2018212449,第九考场,3-539,29,76.5,105.5
385,2019213547,第八考场,  N201,29,76.5,105.5
386,2018211698,第六考场,3-437,29,76.5,105.5
387,2018212324,第九考场,3-539,30,75.5,105.5
388,2018212786,第五考场, N111,30,75.5,105.5
389,2019211581,第十一考场, N209,30,75.5,105.5
390,2019213519,第八考场,  N201,30,75.5,105.5
391,2018212886,第五考场, N111,31,74.5,105.5
392,2019212204,第二十考场,S210,32,73.5,105.5
393,2018213451,第十三考场,4-238,32,73.5,105.5
394,2019212994,第十三考场,S107,33,72.5,105.5
395,2018212728,第四考场,N108,33,72.5,105.5
396,2018212513,第十考场,3-540,33,72.5,105.5
397,2019211039,第十二考场, S106,33,72.5,105.5
398,2019211918,第九考场, N206,26,79,105
399,2019210720,第十九考场, S208,27,78,105
400,2018211571,第六考场,3-437,27,78,105
401,2019211871,第十七考场, S202,28,77,105
402,2019213335,第八考场,  N201,28,77,105
403,2019212252,第十七考场, S202,28,77,105
404,2017210487,第十六考场,4-401,28,77,105
405,2018210941,第十五考场,4-303,28,77,105
406,2019212941,第十三考场,S107,28,77,105
407,2017211132,第四考场,3-433,28,77,105
408,2019210672,第十九考场, S208,29,76,105
409,2018212220,第九考场,3-539,29,76,105
410,2018213554,第七考场,3-535,29,76,105
411,2019213071,第六考场,  N113,29,76,105
412,2018211548,第六考场,3-437,29,76,105
413,2018212044,第十考场,3-540,29,76,105
414,2019212582,第二考场,N104,30,75,105
415,2019211456,第十一考场, N209,30,75,105
416,2019211331,第十一考场, N209,30,75,105
417,2019210531,第二十考场,S210,30,75,105
418,2017210517,第十五考场,4-303,30,75,105
419,2018210909,第五考场,3-435,30,75,105
420,2019211852,第十七考场, S202,31,74,105
421,2018210248,第十五考场,4-303,31,74,105
422,2019212548,第二十考场,S210,31,74,105
423,2018210022,第十二考场,4-203,31,74,105
424,2019213073,第六考场,  N113,32,73,105
425,2017211911,第七考场,3-535,33,72,105
426,2019210861,第二十考场,S210,33,72,105
427,2018210365,第十四考场,4-302,34,71,105
428,2018212040,第九考场,3-539,23,81.5,104.5
429,2018210364,第十二考场,4-203,24,80.5,104.5
430,2017213033,第四考场,3-433,24,80.5,104.5
431,2018213013,第五考场, N111,25,79.5,104.5
432,2019213660,第九考场, N206,25,79.5,104.5
433,2019211505,第九考场, N206,26,78.5,104.5
434,2018213017,第五考场, N111,26,78.5,104.5
435,2018210638,第十四考场,4-302,26,78.5,104.5
436,2019212784,第十四考场, S112,27,77.5,104.5
437,2019210349,第十八考场, S205,27,77.5,104.5
438,2018213398,第七考场,3-535,28,76.5,104.5
439,2019211124,第二考场,N104,28,76.5,104.5
440,2019210066,第十七考场, S202,29,75.5,104.5
441,2019213525,第八考场,  N201,29,75.5,104.5
442,2019212568,第十三考场,S107,29,75.5,104.5
443,2018212344,第九考场,3-539,29,75.5,104.5
444,2018210398,第十四考场,4-302,29,75.5,104.5
445,2019213518,第八考场,  N201,29,75.5,104.5
446,2018212381,第十三考场,S107,30,74.5,104.5
447,2019211131,第二考场,N104,30,74.5,104.5
448,2018213260,第十考场,3-540,30,74.5,104.5
449,2019210853,第一考场,N103,30,74.5,104.5
450,2018212630,第二考场,N104,30,74.5,104.5
451,2018212753,第十六考场,S118,31,73.5,104.5
452,2019210758,第二十考场,S210,31,73.5,104.5
453,2018210472,第十二考场,4-203,31,73.5,104.5
454,2018210769,第十三考场,4-238,31,73.5,104.5
455,2018212761,第四考场,N108,33,71.5,104.5
456,2019211312,第十二考场, S106,25,79,104
457,2019213704,第三考场,N105,25,79,104
458,2019211278,第九考场, N206,25,79,104
459,2019213710,第三考场,N105,26,78,104
460,2019212300,第十二考场, S106,27,77,104
461,2018210637,第十四考场,4-302,27,77,104
462,2019211092,第二考场,N104,28,76,104
463,2019211998,第十一考场, N209,28,76,104
464,2017212119,第五考场,3-435,28,76,104
465,2018210357,第十三考场,4-238,28,76,104
466,2018213623,第十四考场, S112,28,76,104
467,2019211437,第九考场, N206,28,76,104
468,2019213572,第八考场,  N201,27,76,104
469,2018212695,第四考场,N108,28,76,104
470,2018211857,第七考场,3-535,29,75,104
471,2018213216,第三考场,N105,29,75,104
472,2017210902,第二考场,3-335,29,75,104
473,2019210939,第一考场,N103,29,75,104
474,2018211043,第三考场,3-337,29,75,104
475,2019210909,第一考场,N103,29,75,104
476,2019213331,第八考场,  N201,30,74,104
477,2019213166,第七考场, N118,30,74,104
478,2018213185,第六考场,  N113,30,74,104
479,2019213608,第八考场,  N201,31,73,104
480,2018211998,第八考场,3-537,31,73,104
481,2018213129,第三考场,N105,31,73,104
482,2019213456,第九考场, N206,31,73,104
483,2019212421,第十五考场, S114,32,72,104
484,2019213641,第九考场, N206,27,76.5,103.5
485,2019210743,第十七考场, S202,27,76.5,103.5
486,2019211582,第十一考场, N209,29,74.5,103.5
487,2018212763,第十六考场,S118,29,74.5,103.5
488,2017211745,第十六考场,4-401,29,74.5,103.5
489,2019211771,第十七考场, S202,29,74.5,103.5
490,2018213327,第十考场,3-540,29,74.5,103.5
491,2018210177,第十四考场,4-302,29,74.5,103.5
492,2018210481,第十三考场,4-238,30,73.5,103.5
493,2019211019,第一考场,N103,30,73.5,103.5
494,2018210103,第十二考场,4-203,30,73.5,103.5
495,2019213180,第七考场, N118,31,72.5,103.5
496,2019210630,第十六考场,S118,32,71.5,103.5
497,2018522055,第九考场,3-539,32,71.5,103.5
498,2019213377,第九考场, N206,32,71.5,103.5
499,2018212692,第四考场,N108,32,71.5,103.5
500,2019213202,第七考场, N118,32,71.5,103.5
501,2017210263,第十四考场,4-302,33,70.5,103.5
502,2018211334,第六考场,3-437,33,70.5,103.5
503,2018213285,第十考场,3-540,34,69.5,103.5
504,2018212891,第五考场, N111,23,80,103
505,2019213551,第八考场,  N201,24,79,103
506,2018212524,第十三考场,4-238,25,78,103
507,2018210861,第一考场,3-333,26,77,103
508,2018211209,第五考场,3-435,27,76,103
509,2019210506,第十九考场, S208,27,76,103
510,2018213126,第三考场,N105,27,76,103
511,2018211036,第三考场,3-337,27,76,103
512,2018213612,第三考场,N105,27,76,103
513,2019211855,第十七考场, S202,27,76,103
514,2018211470,第六考场,3-437,27,76,103
515,2019210181,第十八考场, S205,28,75,103
516,2019212992,第二考场,N104,28,75,103
517,2019211370,第十一考场, N209,28,75,103
518,2019211130,第二考场,N104,28,75,103
519,2018210473,第十三考场,4-238,28,75,103
520,2019213080,第六考场,  N113,28,75,103
521,2018213625,第三考场,N105,29,74,103
522,2019211853,第十七考场, S202,29,74,103
523,2018210124,第十二考场,4-203,29,74,103
524,2017211709,第十六考场,4-401,29,74,103
525,2018210739,第十四考场,4-302,29,74,103
526,2018211854,第七考场,3-535,30,73,103
527,2019213715,第三考场,N105,30,73,103
528,2019210109,第十八考场, S205,30,73,103
529,2019213488,第三考场,N105,30,73,103
530,2018210391,第十二考场,4-203,30,73,103
531,2018210180,第十六考场,4-401,30,73,103
532,2019210364,第十八考场, S205,30,73,103
533,2019213275,第七考场, N118,31,72,103
534,2018210832,第一考场,3-333,31,72,103
535,2018210900,第三考场,3-337,31,72,103
536,2018213628,第十四考场, S112,31,72,103
537,2019212334,第十五考场, S114,31,72,103
538,2018212700,第四考场,N108,31,72,103
539,2018213201,第三考场,N105,32,71,103
540,2019211336,第十一考场, N209,32,71,103
541,2018211012,第三考场,3-337,32,71,103
542,2018213599,第十四考场, S112,33,70,103
543,2018212447,第十考场,3-540,33,70,103
544,2018211371,第六考场,3-437,26,76.5,102.5
545,2019211664,第十一考场, N209,27,75.5,102.5
546,2019210221,第十八考场, S205,28,74.5,102.5
547,2017212136,第十六考场,4-401,28,74.5,102.5
548,2019213235,第七考场, N118,28,74.5,102.5
549,2018210419,第十三考场,4-238,28,74.5,102.5
550,2018212634,第二考场,N104,28,74.5,102.5
551,2018212424,第十考场,3-540,28,74.5,102.5
552,2019212154,第十四考场, S112,29,73.5,102.5
553,2018212446,第六考场,3-437,29,73.5,102.5
554,2018210121,第十五考场,4-303,29,73.5,102.5
555,2018210530,第十六考场,4-401,29,73.5,102.5
556,2019213175,第七考场, N118,30,72.5,102.5
557,2018212595,第四考场,N108,30,72.5,102.5
558,2018212727,第四考场,N108,30,72.5,102.5
559,2019210186,第十八考场, S205,30,72.5,102.5
560,2019213253,第七考场, N118,31,71.5,102.5
561,2019210627,第十九考场, S208,31,71.5,102.5
562,2019213238,第七考场, N118,32,70.5,102.5
563,2018210271,第十五考场,4-303,23,79,102
564,2018212223,第九考场,3-539,26,76,102
565,2019210146,第十八考场, S205,27,75,102
566,2019212955,第十三考场,S107,27,75,102
567,2019211469,第十一考场, N209,27,75,102
568,2018212848,第五考场, N111,27,75,102
569,2019211294,第十一考场, N209,27,75,102
570,2019213492,第三考场,N105,28,74,102
571,2018213092,第三考场,N105,28,74,102
572,2019212506,第二考场,N104,29,73,102
573,2019211945,第二十考场,S210,29,73,102
574,2018210985,第三考场,3-337,29,73,102
575,2019213319,第八考场,  N201,29,73,102
576,2018213478,第十六考场,S118,29,73,102
577,2018212501,第十考场,3-540,29,73,102
578,2018210072,第十六考场,4-401,30,72,102
579,2019210127,第十八考场, S205,30,72,102
580,2019212587,第十三考场,S107,30,72,102
581,2019213139,第十六考场,S118,30,72,102
582,2018212821,第五考场, N111,30,72,102
583,2019212846,第十二考场, S106,30,72,102
584,2017213428,第十一考场,4-202,31,71,102
585,2018211613,第六考场,3-437,31,71,102
586,2018212310,第九考场,3-539,31,71,102
587,2019211001,第一考场,N103,31,71,102
588,2018212758,第四考场,N108,31,71,102
589,2017213304,第十考场,3-540,31,71,102
590,2017210938,第二考场,3-335,31,71,102
591,2018213292,第六考场,3-437,32,70,102
592,2018210710,第十三考场,4-238,32,70,102
593,2018213082,第三考场,N105,34,68,102
594,2018211009,第三考场,3-337,20,81.5,101.5
595,2018212170,第九考场,3-539,23,78.5,101.5
596,2019211041,第二考场,N104,26,75.5,101.5
597,2018212755,第四考场,N108,26,75.5,101.5
598,2019211717,第十七考场, S202,27,74.5,101.5
599,2017211647,第二考场,3-335,27,74.5,101.5
600,2018212951,第五考场, N111,27,74.5,101.5
601,2019213677,第九考场, N206,28,73.5,101.5
602,2019213075,第六考场,  N113,28,73.5,101.5
603,2019210227,第十八考场, S205,29,72.5,101.5
604,2018211210,第五考场,3-435,29,72.5,101.5
605,2018212282,第九考场,3-539,29,72.5,101.5
606,2018210707,第十三考场,4-238,29,72.5,101.5
607,2019211773,第十七考场, S202,29,72.5,101.5
608,2018212001,第八考场,3-537,29,72.5,101.5
609,2019213311,第八考场,  N201,29,72.5,101.5
610,2017211805,第五考场,3-435,30,71.5,101.5
611,2019213058,第六考场,  N113,30,71.5,101.5
612,2018210933,第六考场,3-437,30,71.5,101.5
613,2019211182,第十一考场, N209,30,71.5,101.5
614,2018212906,第五考场, N111,31,70.5,101.5
615,2019212654,第十四考场, S112,31,70.5,101.5
616,2019210665,第二十考场,S210,31,70.5,101.5
617,2018211336,第六考场,3-437,31,70.5,101.5
618,2018212779,第四考场,N108,31,70.5,101.5
619,2018210640,第十四考场,4-302,31,70.5,101.5
620,2018212228,第九考场,3-539,31,70.5,101.5
621,2019212197,第十四考场, S112,32,69.5,101.5
622,2019210475,第二十考场,S210,32,69.5,101.5
623,2018210154,第十二考场,4-203,32,69.5,101.5
624,2018210204,第十二考场,4-203,32,69.5,101.5
625,2019213164,第七考场, N118,34,67.5,101.5
626,2019212551,第十三考场,S107,24,77,101
627,2017211051,第二考场,3-335,24,77,101
628,20192111159,第六考场,  N113,25,76,101
629,2018213098,第三考场,N105,26,75,101
630,2019211077,第二考场,N104,26,75,101
631,2019212559,第十三考场,S107,26,75,101
632,2018213543,第三考场,3-337,26,75,101
633,2019213147,第六考场,  N113,27,74,101
634,2018213138,第三考场,N105,27,74,101
635,2017210505,第十六考场,4-401,28,73,101
636,2018211961,第四考场,3-433,28,73,101
637,2019213301,第七考场, N118,29,72,101
638,2019213245,第七考场, N118,29,72,101
639,2019211647,第十一考场, N209,29,72,101
640,2019210352,第十八考场, S205,29,72,101
641,2019211316,第二十一考场,N403,29,72,101
642,2018213037,第五考场, N111,29,72,101
643,2019213155,第六考场,  N113,29,72,101
644,2019213142,第六考场,  N113,30,71,101
645,2019213613,第八考场,  N201,30,71,101
646,2019212001,第十一考场, N209,30,71,101
647,2018210732,第十四考场,4-302,30,71,101
648,2019213289,第七考场, N118,31,70,101
649,2018213169,第三考场,N105,31,70,101
650,2018212000,第八考场,3-537,31,70,101
651,2019212229,第十六考场,S118,33,68,101
652,2019213664,第九考场, N206,25,75.5,100.5
653,2019211886,第二考场,N104,25,75.5,100.5
654,2019213378,第九考场, N206,26,74.5,100.5
655,2018212601,第四考场,N108,26,74.5,100.5
656,2019210634,第二十考场,S210,27,73.5,100.5
657,2019210779,第十七考场, S202,27,73.5,100.5
658,2018211994,第七考场,3-535,28,72.5,100.5
659,2018522059,第九考场,3-539,28,72.5,100.5
660,2019212610,第十二考场, S106,28,72.5,100.5
661,2019213539,第八考场,  N201,28,72.5,100.5
662,2019210995,第一考场,N103,28,72.5,100.5
663,2017212748,第四考场,3-433,28,72.5,100.5
664,2019213430,第九考场, N206,29,71.5,100.5
665,2019211371,第十一考场, N209,29,71.5,100.5
666,2018211412,第六考场,3-437,29,71.5,100.5
667,2018213673,第七考场,3-535,29,71.5,100.5
668,2018211308,第五考场,3-435,29,71.5,100.5
669,2018212271,第十考场,3-540,29,71.5,100.5
670,2019212376,第十五考场, S114,30,70.5,100.5
671,2019213220,第七考场, N118,30,70.5,100.5
672,2018213697,第十五考场, S114,30,70.5,100.5
673,2018211507,第六考场,3-437,30,70.5,100.5
674,2018212387,第十三考场,S107,30,70.5,100.5
675,2018212154,第十三考场,4-238,30,70.5,100.5
676,2018213527,第一考场,N103,31,69.5,100.5
677,2018210093,第十二考场,4-203,31,69.5,100.5
678,2018212723,第四考场,N108,32,68.5,100.5
679,2018212053,第一考场,3-333,32,68.5,100.5
680,2017213337,第十考场,3-540,32,68.5,100.5
681,2018212104,第十四考场, S112,33,67.5,100.5
682,2019211457,第十考场, N207,34,66.5,100.5
683,2018212002,第六考场,3-437,18,82,100
684,2019213666,第九考场, N206,24,76,100
685,2019213138,第六考场,  N113,26,74,100
686,2018211667,第二考场,3-335,26,74,100
687,2019212545,第十三考场,S107,27,73,100
688,2019212736,第十二考场, S106,28,72,100
689,2019210382,第十八考场, S205,28,72,100
690,2019210093,第十七考场, S202,28,72,100
691,2019210933,第十一考场, N209,28,72,100
692,2018211624,第六考场,3-437,28,72,100
693,2019213698,第三考场,N105,28,72,100
694,2018211074,第三考场,3-337,28,72,100
695,2018210407,第十四考场,4-302,28,72,100
696,2019211160,第二考场,N104,28,72,100
697,2019213330,第八考场,  N201,28,72,100
698,2018212174,第八考场,3-537,28,72,100
699,2019212772,第十四考场, S112,29,71,100
700,2018212628,第二考场,N104,29,71,100
701,2019213403,第十二考场, S106,29,71,100
702,2018212185,第九考场,3-539,29,71,100
703,2018210175,第十二考场,4-203,29,71,100
704,2018212819,第十六考场,S118,29,71,100
705,2018212581,第四考场,N108,29,71,100
706,2019210363,第十八考场, S205,29,71,100
707,2019211919,第二十一考场,N403,29,71,100
708,2018210721,第十三考场,4-238,30,70,100
709,2019213341,第二十考场,S210,30,70,100
710,2018212657,第四考场,N108,30,70,100
711,2019522033,第十三考场,S107,31,69,100
712,2018212182,第一考场,3-333,31,69,100
713,2017212026,第七考场,3-535,31,69,100
714,2018210814,第一考场,3-333,31,69,100
715,2018210713,第十三考场,4-238,31,69,100
716,2018213064,第六考场,  N113,32,68,100
717,2018210784,第十二考场,4-203,33,67,100
718,2019213082,第六考场,  N113,24,75.5,99.5
719,2017211797,第十六考场,4-401,25,74.5,99.5
720,2019211772,第十七考场, S202,25,74.5,99.5
721,2018210956,第二考场,3-335,26,73.5,99.5
722,2018211175,第五考场,3-435,26,73.5,99.5
723,2018212691,第四考场,N108,26,73.5,99.5
724,2018213596,第十四考场, S112,27,72.5,99.5
725,2019210022,第十七考场, S202,27,72.5,99.5
726,2018213534,第三考场,3-337,27,72.5,99.5
727,2019210302,第十五考场, S114,28,71.5,99.5
728,2019211188,第十一考场, N209,28,71.5,99.5
729,2019211089,第二考场,N104,29,70.5,99.5
730,2017211656,第十五考场,4-303,29,70.5,99.5
731,2018213643,第十四考场, S112,29,70.5,99.5
732,2019212211,第十六考场,S118,29,70.5,99.5
733,2018213687,第十四考场, S112,30,69.5,99.5
734,2018213271,第二十考场,S210,30,69.5,99.5
735,2018210500,第十四考场,4-302,30,69.5,99.5
736,2019212689,第十二考场, S106,30,69.5,99.5
737,2019213352,第二十考场,S210,30,69.5,99.5
738,2018211316,第五考场,3-435,30,69.5,99.5
739,2019210005,第十七考场, S202,32,67.5,99.5
740,2018212005,第八考场,3-537,32,67.5,99.5
741,2019213078,第六考场,  N113,34,65.5,99.5
742,2018213261,第十考场,3-540,19,80,99
743,2019213495,第三考场,N105,24,75,99
744,2019213470,第三考场,N105,24,75,99
745,2019211275,第十二考场, S106,26,73,99
746,2019210466,第十九考场, S208,26,73,99
747,2018210117,第十三考场,4-238,27,72,99
748,2018213095,第三考场,N105,27,72,99
749,2018213535,第三考场,3-337,27,72,99
750,2018211416,第六考场,3-437,27,72,99
751,2018210711,第十三考场,4-238,28,71,99
752,2018210289,第十六考场,4-401,28,71,99
753,2019212364,第十五考场, S114,28,71,99
754,2019213272,第七考场, N118,28,71,99
755,2018210825,第一考场,3-333,28,71,99
756,2019212642,第二十考场,S210,28,71,99
757,2019213223,第十三考场,S107,28,71,99
758,2018212966,第五考场, N111,28,71,99
759,2019211010,第十一考场, N209,28,71,99
760,2018210725,第十四考场,4-302,28,71,99
761,2019213708,第三考场,N105,29,70,99
762,2019211993,第十一考场, N209,29,70,99
763,2019211358,第十一考场, N209,29,70,99
764,2019213210,第七考场, N118,29,70,99
765,2018213218,第十五考场, S114,30,69,99
766,2019210124,第十八考场, S205,30,69,99
767,2019212515,第十三考场,S107,32,67,99
768,2018210392,第十二考场,4-203,33,66,99
769,2019210463,第十一考场, N209,25,73.5,98.5
770,2019211652,第十一考场, N209,25,73.5,98.5
771,2019213455,第九考场, N206,26,72.5,98.5
772,2018210389,第十六考场,4-401,26,72.5,98.5
773,2019210957,第一考场,N103,26,72.5,98.5
774,2018213331,第十考场,3-540,26,72.5,98.5
775,2019210930,第一考场,N103,27,71.5,98.5
776,2018213387,第十六考场,S118,27,71.5,98.5
777,2019213549,第八考场,  N201,27,71.5,98.5
778,2019212816,第十二考场, S106,27,71.5,98.5
779,2018210371,第十三考场,4-238,28,70.5,98.5
780,2019210955,第一考场,N103,28,70.5,98.5
781,2018210767,第十四考场,4-302,29,69.5,98.5
782,2018211242,第五考场,3-435,30,68.5,98.5
783,2018213624,第十四考场, S112,30,68.5,98.5
784,2018210434,第十六考场,4-401,30,68.5,98.5
785,2019210793,第二十考场,S210,31,67.5,98.5
786,2019210457,第十九考场, S208,31,67.5,98.5
787,2018212975,第二考场,N104,31,67.5,98.5
788,2018210393,第十四考场,4-302,33,65.5,98.5
789,2019210873,第一考场,N103,33,65.5,98.5
790,2018212420,第十考场,3-540,33,65.5,98.5
791,2018213220,第三考场,N105,24,74,98
792,2019210795,第二十考场,S210,26,72,98
793,2019213387,第九考场, N206,26,72,98
794,2018212409,第十考场,3-540,26,72,98
795,2019213192,第七考场, N118,27,71,98
796,2018211024,第三考场,3-337,27,71,98
797,2018210547,第五考场,3-435,28,70,98
798,2019211808,第十七考场, S202,28,70,98
799,2019212575,第十三考场,S107,28,70,98
800,2019210652,第十一考场, N209,28,70,98
801,2018211390,第五考场,3-435,28,70,98
802,2018210164,第十二考场,4-203,28,70,98
803,2018210028,第十二考场,4-203,28,70,98
804,2018213093,第九考场, N206,28,70,98
805,2019213695,第三考场,N105,29,69,98
806,2018210841,第一考场,3-333,29,69,98
807,2019210162,第十八考场, S205,30,68,98
808,2019210936,第一考场,N103,30,68,98
809,2019213345,第九考场, N206,30,68,98
810,2019210090,第二十考场,S210,31,67,98
811,2018211978,第七考场,3-535,31,67,98
812,2018210673,第十三考场,4-238,31,67,98
813,2019210768,第二十考场,S210,31,67,98
814,2018212213,第九考场,3-539,32,66,98
815,2019213018,第十三考场,S107,32,66,98
816,2019210596,第二十考场,S210,32,66,98
817,2018212644,第二考场,N104,32,66,98
818,2018215036,第十六考场,S118,25,72.5,97.5
819,2019210070,第十七考场, S202,25,72.5,97.5
820,2018211752,第十七考场,4-444,26,71.5,97.5
821,2018212945,第五考场, N111,26,71.5,97.5
822,2018212959,第五考场, N111,27,70.5,97.5
823,2019210535,第十九考场, S208,28,69.5,97.5
824,2018210007,第十二考场,4-203,28,69.5,97.5
825,2019211933,第二十一考场,N403,28,69.5,97.5
826,2019210261,第十五考场, S114,29,68.5,97.5
827,2019213161,第六考场,  N113,29,68.5,97.5
828,2019210281,第十八考场, S205,29,68.5,97.5
829,2019210187,第十八考场, S205,29,68.5,97.5
830,2017210183,第十四考场,4-302,29,68.5,97.5
831,2019212920,第十三考场,S107,29,68.5,97.5
832,2018212686,第四考场,N108,29,68.5,97.5
833,2019212353,第十五考场, S114,30,67.5,97.5
834,2019213532,第八考场,  N201,30,67.5,97.5
835,2018212551,第十考场,3-540,30,67.5,97.5
836,2018212698,第四考场,N108,30,67.5,97.5
837,2017213346,第十考场,3-540,30,67.5,97.5
838,2019213436,第九考场, N206,31,66.5,97.5
839,2019210335,第十八考场, S205,31,66.5,97.5
840,2019211567,第十一考场, N209,32,65.5,97.5
841,2019212951,第十三考场,S107,32,65.5,97.5
842,2019211323,第十考场, N207,32,65.5,97.5
843,2019212611,第十二考场, S106,24,73,97
844,2018213005,第五考场, N111,24,73,97
845,2019212335,第十五考场, S114,24,73,97
846,2019212697,第十六考场,S118,25,72,97
847,2017212164,第十五考场,4-303,25,72,97
848,2019213252,第七考场, N118,26,71,97
849,2018211705,第十七考场,4-444,27,70,97
850,2019213481,第三考场,N105,27,70,97
851,2018211109,第三考场,3-337,27,70,97
852,2018211137,第五考场,3-435,27,70,97
853,2019210602,第十九考场, S208,28,69,97
854,2019210727,第十九考场, S208,28,69,97
855,2019210691,第十九考场, S208,28,69,97
856,2019210923,第一考场,N103,28,69,97
857,2019212615,第十八考场, S205,28,69,97
858,2019213130,第六考场,  N113,28,69,97
859,2019212480,第十五考场, S114,29,68,97
860,2019213145,第六考场,  N113,29,68,97
861,2018211980,第七考场,3-535,29,68,97
862,2019213657,第九考场, N206,29,68,97
863,2018212593,第四考场,N108,29,68,97
864,2019210682,第十九考场, S208,29,68,97
865,2019213274,第七考场, N118,29,68,97
866,2019213187,第七考场, N118,30,67,97
867,2018213402,第十六考场,S118,30,67,97
868,2018213408,第十六考场,S118,30,67,97
869,2019211799,第十七考场, S202,30,67,97
870,2018212522,第十考场,3-540,30,67,97
871,2018211498,第六考场,3-437,30,67,97
872,2018210629,第十四考场,4-302,30,67,97
873,2019212423,第十五考场, S114,30,67,97
874,2019211683,第十考场, N207,31,66,97
875,2018210130,第十二考场,4-203,31,66,97
876,2019210495,第十九考场, S208,31,66,97
877,2017213469,第十一考场,4-202,32,65,97
878,2018210880,第一考场,3-333,33,64,97
879,2018212024,第八考场,3-537,23,73.5,96.5
880,2019211689,第十一考场, N209,24,72.5,96.5
881,2018210893,第十五考场,4-303,25,71.5,96.5
882,2018210235,第十五考场,4-303,26,70.5,96.5
883,2019213638,第九考场, N206,26,70.5,96.5
884,2018211090,第十四考场, S112,26,70.5,96.5
885,2017210509,第十五考场,4-303,27,69.5,96.5
886,2018211093,第三考场,3-337,27,69.5,96.5
887,2018210852,第一考场,3-333,28,68.5,96.5
888,2019213288,第七考场, N118,28,68.5,96.5
889,2019212561,第十三考场,S107,29,67.5,96.5
890,2017210261,第十四考场,4-302,29,67.5,96.5
891,2018213568,第十四考场, S112,29,67.5,96.5
892,2018211999,第一考场,N103,29,67.5,96.5
893,2019213240,第七考场, N118,29,67.5,96.5
894,2019211858,第十八考场, S205,30,66.5,96.5
895,2018210238,第十四考场,4-302,30,66.5,96.5
896,2019211236,第十一考场, N209,30,66.5,96.5
897,2018212109,第十四考场,4-302,30,66.5,96.5
898,2019212574,第十四考场, S112,30,66.5,96.5
899,2018210055,第十二考场,4-203,32,64.5,96.5
900,2018213274,第十考场,3-540,23,73,96
901,2019210275,第十八考场, S205,24,72,96
902,2018213094,第三考场,N105,24,72,96
903,2018212611,第四考场,N108,24,72,96
904,2019212350,第十五考场, S114,24,72,96
905,2019213109,第六考场,  N113,26,70,96
906,2018210903,第三考场,3-337,26,70,96
907,2019213061,第六考场,  N113,27,69,96
908,2019212536,第十三考场,S107,27,69,96
909,2018210368,第十四考场,4-302,27,69,96
910,2019213623,第八考场,  N201,28,68,96
911,2019210471,第十九考场, S208,28,68,96
912,2018210778,第十四考场,4-302,28,68,96
913,2919213365,第九考场, N206,28,68,96
914,2018211051,第三考场,3-337,29,67,96
915,2019213619,第八考场,  N201,29,67,96
916,2018210688,第十四考场,4-302,30,66,96
917,2019212393,第十五考场, S114,30,66,96
918,2018212528,第十考场,3-540,30,66,96
919,2019213003,第十三考场,S107,30,66,96
920,2019213629,第八考场,  N201,30,66,96
921,2019211293,第九考场, N206,30,66,96
922,2018213030,第十六考场,S118,31,65,96
923,2019210439,第十七考场, S202,31,65,96
924,2018212577,第四考场,N108,31,65,96
925,2019210973,第一考场,N103,31,65,96
926,2018213495,第九考场,3-539,18,77.5,95.5
927,2019210416,第十九考场, S208,23,72.5,95.5
928,2018210878,第三考场,3-337,23,72.5,95.5
929,2019211838,第十七考场, S202,24,71.5,95.5
930,2018212678,第四考场,N108,25,70.5,95.5
931,2019211135,第二考场,N104,26,69.5,95.5
932,2019211212,第十一考场, N209,26,69.5,95.5
933,2019213260,第七考场, N118,26,69.5,95.5
934,2017212194,第八考场,3-537,27,68.5,95.5
935,2019210974,第一考场,N103,27,68.5,95.5
936,2019212657,第十二考场, S106,27,68.5,95.5
937,2019210272,第十八考场, S205,27,68.5,95.5
938,2019213612,第八考场,  N201,28,67.5,95.5
939,2019211107,第二考场,N104,28,67.5,95.5
940,2019212156,第十四考场, S112,28,67.5,95.5
941,2018212602,第四考场,N108,28,67.5,95.5
942,2019211544,第十一考场, N209,28,67.5,95.5
943,2019212415,第十五考场, S114,29,66.5,95.5
944,2019210565,第十九考场, S208,29,66.5,95.5
945,2018212759,第四考场,N108,29,66.5,95.5
946,2019210296,第二十考场,S210,29,66.5,95.5
947,2019210027,第十七考场, S202,29,66.5,95.5
948,2019213112,第六考场,  N113,29,66.5,95.5
949,2019210980,第一考场,N103,29,66.5,95.5
950,2019213367,第九考场, N206,30,65.5,95.5
951,2019212008,第十考场, N207,30,65.5,95.5
952,2018213449,第一考场,3-333,30,65.5,95.5
953,2019212400,第十五考场, S114,30,65.5,95.5
954,2019210491,第二十考场,S210,30,65.5,95.5
955,2019211138,第二考场,N104,31,64.5,95.5
956,2018212643,第二考场,N104,31,64.5,95.5
957,2018212090,第九考场,3-539,31,64.5,95.5
958,2018212474,第三考场,3-337,31,64.5,95.5
959,2019211316,第二十一考场,N403,31,64.5,95.5
960,2019210440,第二十考场,S210,33,62.5,95.5
961,2018213522,第十六考场,4-401,33,62.5,95.5
962,2018212548,第十考场,3-540,17,78,95
963,2019212573,第十三考场,S107,22,73,95
964,2018212771,第五考场, N111,24,71,95
965,2018211219,第五考场,3-435,25,70,95
966,2019210380,第十八考场, S205,25,70,95
967,2019210376,第十八考场, S205,26,69,95
968,2019212783,第十四考场, S112,26,69,95
969,2018213208,第三考场,N105,26,69,95
970,2019211646,第十一考场, N209,26,69,95
971,2019210796,第二十考场,S210,26,69,95
972,2019211348,第十一考场, N209,27,68,95
973,2018212416,第十考场,3-540,27,68,95
974,2019213584,第八考场,  N201,27,68,95
975,2019211022,第一考场,N103,28,67,95
976,2019212226,第十六考场,S118,28,67,95
977,2018210383,第十二考场,4-203,28,67,95
978,2018213181,第三考场,N105,28,67,95
979,2019210118,第十八考场, S205,28,67,95
980,2018210332,第十六考场,4-401,28,67,95
981,2018210635,第十三考场,4-238,28,67,95
982,2019213204,第七考场, N118,29,66,95
983,2018210370,第十四考场,4-302,29,66,95
984,2018210211,第十五考场,4-303,30,65,95
985,2019212279,第十九考场, S208,30,65,95
986,2018212725,第四考场,N108,30,65,95
987,2019213398,第九考场, N206,31,64,95
988,2019213610,第八考场,  N201,31,64,95
989,2019212777,第十四考场, S112,31,64,95
990,2018211898,第七考场,3-535,31,64,95
991,2019211361,第十一考场, N209,32,63,95
992,2019212224,第十六考场,S118,22,72.5,94.5
993,2018210253,第五考场,3-435,23,71.5,94.5
994,2019212508,第二考场,N104,24,70.5,94.5
995,2018211174,第五考场,3-435,24,70.5,94.5
996,2018212371,第十三考场,S107,26,68.5,94.5
997,2019212263,第二十考场,S210,26,68.5,94.5
998,2018212721,第四考场,N108,26,68.5,94.5
999,2018212246,第九考场,3-539,26,68.5,94.5
1000,2018212618,第四考场,N108,26,68.5,94.5
1001,2019212277,第十六考场,S118,26,68.5,94.5
1002,2019210629,第十九考场, S208,26,68.5,94.5
1003,2019213023,第六考场,  N113,27,67.5,94.5
1004,2019211342,第十一考场, N209,27,67.5,94.5
1005,2019210313,第十八考场, S205,28,66.5,94.5
1006,2018211888,第七考场,3-535,28,66.5,94.5
1007,2019212292,第一考场,N103,29,65.5,94.5
1008,2018211088,第二考场,3-335,29,65.5,94.5
1009,2018210102,第十二考场,4-203,29,65.5,94.5
1010,2019210600,第十九考场, S208,29,65.5,94.5
1011,2018211365,第六考场,3-437,30,64.5,94.5
1012,2018210159,第十二考场,4-203,30,64.5,94.5
1013,2019211555,第十一考场, N209,30,64.5,94.5
1014,2019210123,第十八考场, S205,30,64.5,94.5
1015,2018212252,第九考场,3-539,22,72,94
1016,2018212155,第十三考场,4-238,22,72,94
1017,2017210920,第十一考场,4-202,22,72,94
1018,2019212454,第十五考场, S114,24,70,94
1019,2018210165,第十六考场,4-401,25,69,94
1020,2019213337,第八考场,  N201,25,69,94
1021,2019211695,第十六考场,S118,25,69,94
1022,2018210071,第十四考场,4-302,25,69,94
1023,2019213349,第九考场, N206,25,69,94
1024,2018213205,第三考场,N105,25,69,94
1025,2018211562,第六考场,3-437,26,68,94
1026,2018212285,第九考场,3-539,27,67,94
1027,2019212540,第十三考场,S107,27,67,94
1028,2019213399,第二十考场,S210,27,67,94
1029,2018210447,第十六考场,4-401,27,67,94
1030,2019212235,第十六考场,S118,27,67,94
1031,2017210766,第十五考场,4-303,27,67,94
1032,2018212617,第四考场,N108,27,67,94
1033,2019211316,第十一考场, N209,27,67,94
1034,2019212484,第十五考场, S114,28,66,94
1035,2019210724,第十七考场, S202,28,66,94
1036,2017213465,第十一考场,4-202,28,66,94
1037,2019213637,第八考场,  N201,28,66,94
1038,2017212181,第十考场,3-540,28,66,94
1039,2019210638,第十九考场, S208,28,66,94
1040,2018210503,第十三考场,4-238,28,66,94
1041,2019210999,第一考场,N103,28,66,94
1042,2019213270,第七考场, N118,29,65,94
1043,2019210159,第十八考场, S205,29,65,94
1044,2018210601,第十六考场,4-401,29,65,94
1045,2018213269,第十考场,3-540,29,65,94
1046,2018210747,第十六考场,4-401,29,65,94
1047,2019210257,第二十考场,S210,29,65,94
1048,2018211037,第三考场,3-337,29,65,94
1049,2019210722,第十八考场, S205,29,65,94
1050,2018211810,第十一考场,4-202,29,65,94
1051,2018213086,第三考场,N105,31,63,94
1052,2019212391,第十五考场, S114,32,62,94
1053,2019213671,第九考场, N206,23,70.5,93.5
1054,2018211770,第十一考场,4-202,24,69.5,93.5
1055,2018212881,第五考场, N111,25,68.5,93.5
1056,2019210956,第一考场,N103,25,68.5,93.5
1057,2018211670,第三考场,3-337,25,68.5,93.5
1058,2018212609,第四考场,N108,26,67.5,93.5
1059,2019210735,第二十考场,S210,26,67.5,93.5
1060,2019213656,第九考场, N206,26,67.5,93.5
1061,2019213338,第八考场,  N201,27,66.5,93.5
1062,2018210649,第十三考场,4-238,27,66.5,93.5
1063,2018210033,第十六考场,4-401,27,66.5,93.5
1064,2019210816,第二十考场,S210,28,65.5,93.5
1065,2018212732,第四考场,N108,28,65.5,93.5
1066,2019212727,第十二考场, S106,28,65.5,93.5
1067,2019212109,第十四考场, S112,28,65.5,93.5
1068,2019210908,第一考场,N103,28,65.5,93.5
1069,2019212912,第十三考场,S107,29,64.5,93.5
1070,2018522004,第九考场,3-539,29,64.5,93.5
1071,2019213236,第七考场, N118,29,64.5,93.5
1072,2019210342,第十八考场, S205,29,64.5,93.5
1073,2019210344,第十八考场, S205,29,64.5,93.5
1074,2019212329,第十五考场, S114,30,63.5,93.5
1075,2018212143,第十五考场, S114,30,63.5,93.5
1076,2019212750,第十二考场, S106,30,63.5,93.5
1077,2018212033,第八考场,3-537,30,63.5,93.5
1078,2019212403,第十五考场, S114,31,62.5,93.5
1079,2018212888,第五考场, N111,31,62.5,93.5
1080,2018210193,第十二考场,4-203,32,61.5,93.5
1081,2019212679,第一考场,N103,21,72,93
1082,2018212115,第十六考场,4-401,21,72,93
1083,2018210312,第十六考场,4-401,22,71,93
1084,2018213388,第十六考场,S118,22,71,93
1085,2018211687,第十六考场,4-401,23,70,93
1086,2019213092,第三考场,N105,23,70,93
1087,2018212662,第四考场,N108,23,70,93
1088,2018210220,第十三考场,4-238,24,69,93
1089,2018210988,第三考场,3-337,24,69,93
1090,2019212956,第十三考场,S107,25,68,93
1091,2019210229,第十八考场, S205,25,68,93
1092,2019210595,第十九考场, S208,25,68,93
1093,2017210421,第十五考场,4-303,26,67,93
1094,2018210652,第六考场,3-437,27,66,93
1095,2019211557,第十一考场, N209,27,66,93
1096,2019213362,第九考场, N206,27,66,93
1097,2018210905,第一考场,3-333,27,66,93
1098,2018212111,第九考场,3-539,28,65,93
1099,2018210733,第十四考场,4-302,28,65,93
1100,2019210666,第十九考场, S208,28,65,93
1101,2019213431,第九考场, N206,28,65,93
1102,2017212215,第八考场,3-537,29,64,93
1103,2019211316,第二十一考场,N403,29,64,93
1104,2019210681,第十九考场, S208,30,63,93
1105,2018210100,第十二考场,4-203,30,63,93
1106,2019212437,第十五考场, S114,31,62,93
1107,2019213460,第九考场, N206,32,61,93
1108,2018212478,第十考场,3-540,32,61,93
1109,2019211591,第十考场, N207,33,60,93
1110,2019212373,第十五考场, S114,14,78.5,92.5
1111,2019212498,第二考场,N104,19,73.5,92.5
1112,2019210412,第十九考场, S208,25,67.5,92.5
1113,2018210840,第一考场,3-333,25,67.5,92.5
1114,2018213038,第十六考场,S118,25,67.5,92.5
1115,2019211393,第十一考场, N209,25,67.5,92.5
1116,2019213171,第七考场, N118,27,65.5,92.5
1117,2019213571,第八考场,  N201,28,65.5,92.5
1118,2018210598,第十六考场,4-401,27,65.5,92.5
1119,2018212730,第四考场,N108,28,64.5,92.5
1120,2018211553,第六考场,3-437,28,64.5,92.5
1121,2019213556,第八考场,  N201,28,64.5,92.5
1122,2019210025,第十七考场, S202,28,64.5,92.5
1123,2018212768,第五考场, N111,28,64.5,92.5
1124,2018212887,第五考场, N111,28,64.5,92.5
1125,2019213594,第八考场,  N201,30,62.5,92.5
1126,2018210426,第十三考场,4-238,30,62.5,92.5
1127,2019212465,第二十考场,S210,31,61.5,92.5
1128,2019211383,第六考场,  N113,31,61.5,92.5
1129,2019213562,第八考场,  N201,23,69,92
1130,2019213221,第七考场, N118,24,68,92
1131,2019213239,第七考场, N118,24,68,92
1132,2019213156,第六考场,  N113,24,68,92
1133,2018213455,第十五考场, S114,24,68,92
1134,2019211971,第十一考场, N209,24,68,92
1135,2018212612,第四考场,N108,24,68,92
1136,2018213689,第十四考场, S112,25,67,92
1137,2018210687,第十六考场,4-401,25,67,92
1138,2019212758,第十二考场, S106,26,66,92
1139,2019213561,第八考场,  N201,26,66,92
1140,2018211497,第六考场,3-437,26,66,92
1141,2018211083,第三考场,3-337,26,66,92
1142,2019210384,第十八考场, S205,27,65,92
1143,2018210264,第十三考场,4-238,27,65,92
1144,2018210266,第十二考场,4-203,27,65,92
1145,2017213316,第十考场,3-540,27,65,92
1146,2019210762,第二十考场,S210,27,65,92
1147,2018210358,第十四考场,4-302,28,64,92
1148,2019210178,第二十考场,S210,28,64,92
1149,2018210148,第十五考场,4-303,28,64,92
1150,2018210209,第十五考场,4-303,28,64,92
1151,2019211867,第十七考场, S202,28,64,92
1152,2018213711,第十四考场, S112,28,64,92
1153,2019211134,第二考场,N104,29,63,92
1154,2019212630,第十一考场, N209,29,63,92
1155,2019213322,第八考场,  N201,29,63,92
1156,2019212445,第十五考场, S114,29,63,92
1157,2019213097,第六考场,  N113,29,63,92
1158,2019211747,第十七考场, S202,29,63,92
1159,2018210270,第十二考场,4-203,29,63,92
1160,2018210593,第十四考场,4-302,29,63,92
1161,2018212153,第九考场, N206,29,63,92
1162,2018213655,第十四考场, S112,30,62,92
1163,2019212408,第十五考场, S114,30,62,92
1164,2019211354,第十一考场, N209,31,61,92
1165,2019212989,第十一考场, N209,32,60,92
1166,2019211192,第十考场, N207,33,59,92
1167,2019212050,第十考场, N207,33,59,92
1168,2019213391,第九考场, N206,33,59,92
1169,2018211120,第五考场,3-435,19,72.5,91.5
1170,2019212696,第十一考场, N209,22,69.5,91.5
1171,2019212425,第十五考场, S114,22,69.5,91.5
1172,2019210588,第十九考场, S208,23,68.5,91.5
1173,2019213427,第九考场, N206,23,68.5,91.5
1174,2018210542,第十四考场,4-302,23,68.5,91.5
1175,2018210794,第一考场,3-333,25,66.5,91.5
1176,2019211927,第十一考场, N209,25,66.5,91.5
1177,2019212588,第十三考场,S107,25,66.5,91.5
1178,2018213176,第六考场,  N113,25,66.5,91.5
1179,2019213177,第七考场, N118,26,65.5,91.5
1180,2019211820,第十七考场, S202,26,65.5,91.5
1181,2019210757,第二十考场,S210,26,65.5,91.5
1182,2018210354,第十三考场,4-238,26,65.5,91.5
1183,2019213648,第九考场, N206,26,65.5,91.5
1184,2019212501,第二考场,N104,26,65.5,91.5
1185,2019210288,第十八考场, S205,26,65.5,91.5
1186,2018210366,第十四考场,4-302,26,65.5,91.5
1187,2018212510,第十三考场,4-238,26,65.5,91.5
1188,2017212582,第十六考场,S118,26,65.5,91.5
1189,2019211137,第二考场,N104,27,64.5,91.5
1190,2019213206,第七考场, N118,27,64.5,91.5
1191,2018213475,第十六考场,S118,27,64.5,91.5
1192,2018212286,第九考场,3-539,28,63.5,91.5
1193,2019210249,第二十考场,S210,28,63.5,91.5
1194,2019213256,第七考场, N118,28,63.5,91.5
1195,2019212741,第十二考场, S106,28,63.5,91.5
1196,2019213191,第七考场, N118,28,63.5,91.5
1197,2019213569,第八考场,  N201,33,63.5,91.5
1198,2017210765,第十五考场,4-303,28,63.5,91.5
1199,2019212776,第十四考场, S112,29,62.5,91.5
1200,2019210095,第十七考场, S202,29,62.5,91.5
1201,2018213486,第十六考场,S118,29,62.5,91.5
1202,2019213546,第八考场,  N201,30,61.5,91.5
1203,2019211420,第十考场, N207,30,61.5,91.5
1204,2018212927,第五考场, N111,22,69,91
1205,2018212209,第九考场,3-539,23,68,91
1206,2018213214,第三考场,N105,23,68,91
1207,2019211047,第二考场,N104,23,68,91
1208,2019211850,第十七考场, S202,23,68,91
1209,2019212455,第十五考场, S114,23,68,91
1210,2019213196,第七考场, N118,25,66,91
1211,2018212388,第二十考场,S210,25,66,91
1212,2018213233,第三考场,N105,25,66,91
1213,2018522071,第九考场,3-539,26,65,91
1214,2018213461,第二十考场,S210,26,65,91
1215,2019212858,第十四考场, S112,27,64,91
1216,2018210565,第十六考场,4-401,27,64,91
1217,2017213637,第十一考场,4-202,27,64,91
1218,2018210754,第十六考场,4-401,28,63,91
1219,2019213489,第三考场,N105,28,63,91
1220,2018212743,第四考场,N108,28,63,91
1221,2019212234,第十六考场,S118,28,63,91
1222,2019212485,第十五考场, S114,30,61,91
1223,2018210803,第一考场,3-333,30,61,91
1224,2019213333,第八考场,  N201,30,61,91
1225,2017211825,第十六考场,4-401,30,61,91
1226,2019213428,第九考场, N206,31,60,91
1227,2018210810,第一考场,3-333,32,59,91
1228,2018210862,第一考场,3-333,32,59,91
1229,2019211594,第十考场, N207,34,57,91
1230,2019210507,第十九考场, S208,22,68.5,90.5
1231,2018210444,第十六考场,4-401,23,67.5,90.5
1232,2017211562,第四考场,3-433,24,66.5,90.5
1233,2019212266,第十二考场, S106,25,65.5,90.5
1234,2019212142,第十四考场, S112,25,65.5,90.5
1235,2019211834,第十二考场, S106,25,65.5,90.5
1236,2019211579,第十一考场, N209,25,65.5,90.5
1237,2018211986,第七考场,3-535,26,64.5,90.5
1238,2019213247,第七考场, N118,27,63.5,90.5
1239,2019210415,第十九考场, S208,27,63.5,90.5
1240,2018213463,第十六考场,S118,27,63.5,90.5
1241,2019212609,第十九考场, S208,27,63.5,90.5
1242,2019211743,第十七考场, S202,27,63.5,90.5
1243,2019212071,第十四考场, S112,28,62.5,90.5
1244,2018212585,第四考场,N108,28,62.5,90.5
1245,2019212538,第十三考场,S107,28,62.5,90.5
1246,2019210185,第十八考场, S205,28,62.5,90.5
1247,2019212283,第十六考场,S118,28,62.5,90.5
1248,2018210742,第十三考场,4-238,28,62.5,90.5
1249,2018213034,第五考场, N111,28,62.5,90.5
1250,2018210828,第一考场,3-333,29,61.5,90.5
1251,2019210831,第一考场,N103,29,61.5,90.5
1252,2019210291,第十八考场, S205,29,61.5,90.5
1253,2019211360,第十考场, N207,29,61.5,90.5
1254,2017212400,第十考场,3-540,29,61.5,90.5
1255,2018212004,第八考场,3-537,30,60.5,90.5
1256,2018213553,第三考场,3-337,30,60.5,90.5
1257,2019211675,第十考场, N207,30,60.5,90.5
1258,2019212129,第十四考场, S112,23,67,90
1259,2019213137,第六考场,  N113,23,67,90
1260,2019210753,第十九考场, S208,25,65,90
1261,2018211975,第七考场,3-535,26,64,90
1262,2019213076,第六考场,  N113,26,64,90
1263,2018212214,第九考场,3-539,26,64,90
1264,2019213212,第七考场, N118,27,63,90
1265,2019213176,第七考场, N118,27,63,90
1266,2019213406,第九考场, N206,27,63,90
1267,2018211882,第七考场,3-535,28,62,90
1268,2019211882,第十七考场, S202,28,62,90
1269,2018212475,第十考场,3-540,28,62,90
1270,2018212368,第十三考场,S107,28,62,90
1271,2019211189,第十考场, N207,30,60,90
1272,2019213052,第六考场,  N113,30,60,90
1273,2019213148,第六考场,  N113,30,60,90
1274,2018210127,第十二考场,4-203,30,60,90
1275,2019213459,第九考场, N206,30,60,90
1276,2019211590,第十考场, N207,31,59,90
1277,2018210388,第十二考场,4-203,31,59,90
1278,2019212348,第十五考场, S114,31,59,90
1279,2019212303,第十七考场, S202,17,72.5,89.5
1280,2017210755,第十五考场,4-303,21,68.5,89.5
1281,2018210568,第十六考场,4-401,23,66.5,89.5
1282,2019211369,第十一考场, N209,24,65.5,89.5
1283,2018212639,第二考场,N104,25,64.5,89.5
1284,2018212050,第九考场,3-539,25,64.5,89.5
1285,2017210085,第十五考场,4-303,25,64.5,89.5
1286,2019213537,第八考场,  N201,26,63.5,89.5
1287,2018213558,第四考场,3-433,26,63.5,89.5
1288,2019210097,第十八考场, S205,27,62.5,89.5
1289,2019211387,第十一考场, N209,27,62.5,89.5
1290,2018211756,第二十考场,S210,28,61.5,89.5
1291,2019212361,第十五考场, S114,28,61.5,89.5
1292,2018213273,第十考场,3-540,28,61.5,89.5
1293,2018212105,第九考场,3-539,28,61.5,89.5
1294,2019213257,第七考场, N118,29,60.5,89.5
1295,2019213186,第七考场, N118,29,60.5,89.5
1296,2018213219,第六考场,  N113,29,60.5,89.5
1297,2019212507,第二十考场,S210,29,60.5,89.5
1298,2019210073,第十七考场, S202,29,60.5,89.5
1299,2018210060,第十二考场,4-203,30,59.5,89.5
1300,2019211451,第十考场, N207,32,57.5,89.5
1301,2018212287,第九考场,3-539,21,68,89
1302,2019212753,第十二考场, S106,23,66,89
1303,2019212510,第二考场,N104,23,66,89
1304,2019210653,第二十考场,S210,23,66,89
1305,2019212978,第十三考场,S107,24,65,89
1306,2018211205,第五考场,3-435,25,64,89
1307,2018210152,第十三考场,4-238,25,64,89
1308,2019211162,第二考场,N104,25,64,89
1309,2018212979,第五考场, N111,25,64,89
1310,2018212069,第九考场,3-539,26,63,89
1311,2019211444,第十一考场, N209,26,63,89
1312,2019212850,第十三考场,S107,26,63,89
1313,2018210299,第十四考场,4-302,26,63,89
1314,2019211982,第九考场, N206,26,63,89
1315,2019210792,第二十考场,S210,27,62,89
1316,2019212065,第十四考场, S112,27,62,89
1317,2019211207,第十一考场, N209,27,62,89
1318,2019212904,第十三考场,S107,27,62,89
1319,2018212473,第七考场,3-535,27,62,89
1320,2018210812,第一考场,3-333,27,62,89
1321,2019212680,第十四考场, S112,27,62,89
1322,2018213132,第三考场,N105,28,61,89
1323,2019213606,第二考场,N104,28,61,89
1324,2019213388,第三考场,N105,28,61,89
1325,2019211438,第十考场, N207,28,61,89
1326,2019213712,第三考场,N105,28,61,89
1327,2019210782,第二十考场,S210,28,61,89
1328,2019213151,第六考场,  N113,29,60,89
1329,2018213661,第十五考场, S114,29,60,89
1330,2018212290,第九考场,3-539,29,60,89
1331,2019213111,第六考场,  N113,29,60,89
1332,2019212489,第二考场,N104,29,60,89
1333,2019212874,第十三考场,S107,29,60,89
1334,2019211204,第九考场, N206,30,59,89
1335,2018210234,第十二考场,4-203,30,59,89
1336,2019212929,第十三考场,S107,31,58,89
1337,2019213530,第八考场,  N201,32,57,89
1338,2019213538,第八考场,  N201,18,70.5,88.5
1339,2019210353,第十八考场, S205,20,68.5,88.5
1340,2018211993,第七考场,3-535,23,65.5,88.5
1341,2019522102,第十七考场, S202,23,65.5,88.5
1342,2017212616,第四考场,3-433,23,65.5,88.5
1343,2019213232,第七考场, N118,24,64.5,88.5
1344,2017210782,第十五考场,4-303,24,64.5,88.5
1345,2019212785,第十四考场, S112,24,64.5,88.5
1346,2018211143,第五考场,3-435,24,64.5,88.5
1347,2018212401,第十四考场, S112,25,63.5,88.5
1348,2019213143,第六考场,  N113,25,63.5,88.5
1349,2018210857,第一考场,3-333,25,63.5,88.5
1350,2018210697,第十四考场,4-302,25,63.5,88.5
1351,2018211541,第六考场,3-437,25,63.5,88.5
1352,2019212790,第十四考场, S112,26,62.5,88.5
1353,2018212996,第十六考场,S118,26,62.5,88.5
1354,2018213536,第三考场,3-337,26,62.5,88.5
1355,2019210728,第十九考场, S208,26,62.5,88.5
1356,2019211129,第二考场,N104,26,62.5,88.5
1357,2018210983,第三考场,3-337,27,61.5,88.5
1358,2019211014,第一考场,N103,27,61.5,88.5
1359,2019211319,第十考场, N207,28,60.5,88.5
1360,2018212955,第五考场, N111,28,60.5,88.5
1361,2019210801,第二十考场,S210,29,59.5,88.5
1362,2019210374,第十八考场, S205,29,59.5,88.5
1363,2017212520,第十四考场,4-302,29,59.5,88.5
1364,2018210958,第二考场,3-335,30,58.5,88.5
1365,2019212112,第十四考场, S112,31,57.5,88.5
1366,2018212232,第九考场,3-539,31,57.5,88.5
1367,2018210362,第十四考场,4-302,31,57.5,88.5
1368,2019211597,第十考场, N207,32,56.5,88.5
1369,2019212523,第十四考场, S112,32,56.5,88.5
1370,2018210692,第十三考场,4-238,21,67,88
1371,2019212116,第十四考场, S112,22,66,88
1372,2018211865,第七考场,3-535,22,66,88
1373,2019212580,第十二考场, S106,22,66,88
1374,2019210125,第十八考场, S205,23,65,88
1375,2018210735,第十二考场,4-203,23,65,88
1376,2018211061,第三考场,3-337,23,65,88
1377,2019212636,第十二考场, S106,24,64,88
1378,2018210118,第十五考场,4-303,24,64,88
1379,2019213298,第七考场, N118,25,63,88
1380,2019211132,第六考场,  N113,25,63,88
1381,2018212684,第四考场,N108,25,63,88
1382,2019213146,第六考场,  N113,26,62,88
1383,2018210873,第二考场,3-335,26,62,88
1384,2018212902,第五考场, N111,26,62,88
1385,2019213435,第三考场,N105,26,62,88
1386,2019210334,第二十考场,S210,26,62,88
1387,2018212646,第二考场,N104,27,61,88
1388,2019213259,第七考场, N118,27,61,88
1389,2019210166,第十八考场, S205,27,61,88
1390,2019211587,第十一考场, N209,27,61,88
1391,2019210925,第一考场,N103,28,60,88
1392,2018212140,第九考场,3-539,28,60,88
1393,2018213245,第十考场,3-540,28,60,88
1394,2019210886,第一考场,N103,29,59,88
1395,2019210750,第十九考场, S208,29,59,88
1396,2019210338,第十八考场, S205,31,57,88
1397,2019213121,第六考场,  N113,31,57,88
1398,2017212887,第十一考场, N209,31,57,88
1399,2019212055,第十考场, N207,33,55,88
1400,2019210167,第十八考场, S205,24,63.6,87.6
1401,2018212989,第五考场, N111,20,67.5,87.5
1402,2018212652,第二考场,N104,23,64.5,87.5
1403,2018522056,第九考场,3-539,23,64.5,87.5
1404,2019211715,第十六考场,S118,24,63.5,87.5
1405,2019210059,第十七考场, S202,24,63.5,87.5
1406,2017210809,第二考场,3-335,24,63.5,87.5
1407,2019211000,第一考场,N103,24,63.5,87.5
1408,2019210880,第一考场,N103,24,63.5,87.5
1409,2019212637,第十二考场, S106,25,62.5,87.5
1410,2019211020,第一考场,N103,25,62.5,87.5
1411,2018211208,第五考场,3-435,26,61.5,87.5
1412,2019210266,第十八考场, S205,26,61.5,87.5
1413,2019211145,第二考场,N104,26,61.5,87.5
1414,2019211842,第十七考场, S202,26,61.5,87.5
1415,2019210898,第一考场,N103,27,60.5,87.5
1416,2019212954,第十三考场,S107,27,60.5,87.5
1417,2018212985,第五考场, N111,27,60.5,87.5
1418,2018212030,第八考场,3-537,28,59.5,87.5
1419,2019211849,第十七考场, S202,28,59.5,87.5
1420,2018212754,第四考场,N108,28,59.5,87.5
1421,2019211620,第十考场, N207,29,58.5,87.5
1422,2019211885,第十七考场, S202,29,58.5,87.5
1423,2018213629,第十四考场, S112,30,57.5,87.5
1424,2018211806,第十一考场,4-202,31,56.5,87.5
1425,2019211257,第二十一考场,N403,21,66,87
1426,2019211976,第二十一考场,N403,22,65,87
1427,2019210621,第二十考场,S210,22,65,87
1428,2018211152,第五考场,3-435,22,65,87
1429,2019213103,第六考场,  N113,22,65,87
1430,2019211836,第十七考场, S202,23,64,87
1431,2019213559,第八考场,  N201,24,63,87
1432,2019213529,第八考场,  N201,24,63,87
1433,2018211563,第六考场,3-437,24,63,87
1434,2017210541,第十五考场,4-303,24,63,87
1435,2018212594,第四考场,N108,25,62,87
1436,2018211732,第十七考场,4-444,26,61,87
1437,2019212596,第十二考场, S106,26,61,87
1438,2018213316,第三考场,3-337,27,60,87
1439,2019212141,第十四考场, S112,27,60,87
1440,2018210572,第十六考场,4-401,27,60,87
1441,2018210488,第十三考场,4-238,27,60,87
1442,2019211941,第十考场, N207,28,59,87
1443,2019211106,第二考场,N104,28,59,87
1444,2019210611,第十九考场, S208,28,59,87
1445,2018210396,第十六考场,4-401,29,58,87
1446,2018210386,第十四考场,4-302,29,58,87
1447,2018211063,第三考场,3-337,29,58,87
1448,2019211452,第十考场, N207,30,57,87
1449,2019213622,第八考场,  N201,30,57,87
1450,2019210633,第十九考场, S208,30,57,87
1451,2018211931,第七考场,3-535,30,57,87
1452,2019211899,第十七考场, S202,30,57,87
1453,2019212787,第十四考场, S112,31,56,87
1454,2018211506,第六考场,3-437,20,66.5,86.5
1455,2018213325,第十六考场,4-401,22,64.5,86.5
1456,2018212490,第十三考场,4-238,23,63.5,86.5
1457,2019212987,第十三考场,S107,24,62.5,86.5
1458,2019210671,第二十考场,S210,24,62.5,86.5
1459,2018211900,第七考场,3-535,24,62.5,86.5
1460,2019212537,第十三考场,S107,25,61.5,86.5
1461,2018210259,第六考场,3-437,25,61.5,86.5
1462,2018211848,第十四考场,4-302,25,61.5,86.5
1463,2019211729,第十七考场, S202,25,61.5,86.5
1464,2019213618,第八考场,  N201,25,61.5,86.5
1465,2019213568,第八考场,  N201,29,61.5,86.5
1466,2019213520,第八考场,  N201,26,60.5,86.5
1467,2018210510,第十二考场,4-203,26,60.5,86.5
1468,2018212179,第九考场,3-539,26,60.5,86.5
1469,2019211674,第十考场, N207,27,59.5,86.5
1470,2019213672,第九考场, N206,27,59.5,86.5
1471,2018212442,第十考场,3-540,27,59.5,86.5
1472,2019213209,第七考场, N118,28,58.5,86.5
1473,2018211619,第六考场,3-437,28,58.5,86.5
1474,2018212934,第五考场, N111,29,57.5,86.5
1475,2019213405,第九考场, N206,29,57.5,86.5
1476,2019212051,第十考场, N207,29,57.5,86.5
1477,2018211052,第三考场,3-337,29,57.5,86.5
1478,2019211144,第六考场,  N113,30,56.5,86.5
1479,2018210325,第十三考场,4-238,30,56.5,86.5
1480,2019213126,第六考场,  N113,30,56.5,86.5
1481,2018213592,第十四考场, S112,21,65,86
1482,2018213142,第三考场,N105,23,63,86
1483,2019212619,第十二考场, S106,23,63,86
1484,2019213085,第六考场,  N113,24,62,86
1485,2018212622,第十六考场,S118,24,62,86
1486,2019211829,第十七考场, S202,24,62,86
1487,2018211784,第十一考场,4-202,24,62,86
1488,2018213685,第十五考场, S114,24,62,86
1489,2019212886,第十三考场,S107,24,62,86
1490,2019211102,第二考场,N104,24,62,86
1491,2018211989,第七考场,3-535,24,62,86
1492,2018212770,第十六考场,S118,25,61,86
1493,2019213634,第八考场,  N201,25,61,86
1494,2019213544,第八考场,  N201,26,60,86
1495,2018210906,第一考场,3-333,26,60,86
1496,2018211071,第二考场,3-335,26,60,86
1497,2019212898,第十三考场,S107,27,59,86
1498,2018212354,第九考场,3-539,27,59,86
1499,2019211004,第一考场,N103,27,59,86
1500,2019212060,第十考场, N207,28,58,86
1501,2017213556,第三考场,3-337,28,58,86
1502,2018210622,第八考场,3-537,28,58,86
1503,2018210972,第二考场,3-335,29,57,86
1504,2018212097,第八考场,3-537,30,56,86
1505,2018210293,第十三考场,4-238,30,56,86
1506,2019213299,第七考场, N118,31,55,86
1507,2017210081,第十四考场,4-302,31,55,86
1508,2018212052,第九考场,3-539,20,65.5,85.5
1509,2018211812,第十一考场,4-202,21,64.5,85.5
1510,2019212111,第十四考场, S112,22,63.5,85.5
1511,2018213107,第十一考场, N209,23,62.5,85.5
1512,2018213006,第五考场, N111,23,62.5,85.5
1513,2019213372,第九考场, N206,24,61.5,85.5
1514,2019213179,第七考场, N118,24,61.5,85.5
1515,2019212390,第十五考场, S114,24,61.5,85.5
1516,2019211742,第十七考场, S202,24,61.5,85.5
1517,2018210876,第二考场,3-335,24,61.5,85.5
1518,2018211962,第七考场,3-535,25,60.5,85.5
1519,2019213633,第八考场,  N201,25,60.5,85.5
1520,2018210823,第一考场,3-333,25,60.5,85.5
1521,2019212749,第十二考场, S106,25,60.5,85.5
1522,2019210806,第二十考场,S210,25,60.5,85.5
1523,2019212210,第一考场,N103,25,60.5,85.5
1524,2018210621,第十四考场,4-302,25,60.5,85.5
1525,2018213326,第十考场,3-540,25,60.5,85.5
1526,2018212626,第二考场,N104,26,59.5,85.5
1527,2018210984,第一考场,3-333,27,58.5,85.5
1528,2019212482,第十五考场, S114,27,58.5,85.5
1529,2019212681,第十二考场, S106,27,58.5,85.5
1530,2019210282,第十八考场, S205,28,57.5,85.5
1531,2019210723,第十九考场, S208,28,57.5,85.5
1532,2018212879,第五考场, N111,28,57.5,85.5
1533,2018211660,第十七考场,4-444,29,56.5,85.5
1534,2018211520,第六考场,3-437,31,54.5,85.5
1535,2018211081,第三考场,3-337,31,54.5,85.5
1536,2019212695,第十二考场, S106,21,64,85
1537,2019212682,第十二考场, S106,23,62,85
1538,2018210082,第十四考场,4-302,23,62,85
1539,2019212735,第十二考场, S106,24,61,85
1540,2018211991,第七考场,3-535,24,61,85
1541,2017212393,第十考场,3-540,25,60,85
1542,2018210203,第十三考场,4-238,26,59,85
1543,2018211664,第十六考场,4-401,26,59,85
1544,2018210851,第一考场,3-333,26,59,85
1545,2018211995,第七考场,3-535,27,58,85
1546,2019213457,第九考场, N206,27,58,85
1547,2019211524,第十考场, N207,27,58,85
1548,2019212779,第十四考场, S112,28,57,85
1549,2019211340,第十一考场, N209,28,57,85
1550,2019213433,第二考场,N104,28,57,85
1551,2019211931,第十考场, N207,29,56,85
1552,2019210392,第十八考场, S205,29,56,85
1553,2018210004,第十二考场,4-203,29,56,85
1554,2019212250,第十六考场,S118,31,54,85
1555,2018210656,第十六考场,4-401,20,64.5,84.5
1556,2019212743,第十二考场, S106,21,63.5,84.5
1557,2018211050,第三考场,3-337,21,63.5,84.5
1558,2019213364,第九考场, N206,23,61.5,84.5
1559,2018213630,第十四考场, S112,23,61.5,84.5
1560,2018210189,第十六考场,4-401,23,61.5,84.5
1561,2019213667,第九考场, N206,23,61.5,84.5
1562,2018213477,第一考场,3-333,24,60.5,84.5
1563,2019212558,第十三考场,S107,24,60.5,84.5
1564,2019212320,第二十考场,S210,24,60.5,84.5
1565,2019213237,第七考场, N118,24,60.5,84.5
1566,2018212760,第四考场,N108,24,60.5,84.5
1567,2018212247,第九考场,3-539,24,60.5,84.5
1568,2019210928,第一考场,N103,25,59.5,84.5
1569,2018210792,第一考场,3-333,26,58.5,84.5
1570,2018211772,第十七考场,4-444,26,58.5,84.5
1571,2018210413,第十六考场,4-401,26,58.5,84.5
1572,2018212122,第三考场,3-337,26,58.5,84.5
1573,2019210929,第一考场,N103,26,58.5,84.5
1574,2018212087,第九考场,3-539,26,58.5,84.5
1575,2018213105,第十三考场,S107,27,57.5,84.5
1576,2019212546,第十三考场,S107,27,57.5,84.5
1577,2018212882,第五考场, N111,27,57.5,84.5
1578,2017210241,第十二考场,4-203,28,56.5,84.5
1579,2018212169,第十五考场, S114,28,56.5,84.5
1580,2018211813,第十一考场,4-202,28,56.5,84.5
1581,2018213690,第十五考场, S114,29,55.5,84.5
1582,2109211056,第二考场,N104,30,54.5,84.5
1583,2018211354,第五考场,3-435,23,61,84
1584,2019212543,第十三考场,S107,23,61,84
1585,2018211019,第三考场,3-337,23,61,84
1586,2019210818,第一考场,N103,23,61,84
1587,2019213703,第三考场,N105,24,60,84
1588,2019212110,第十四考场, S112,24,60,84
1589,2018211085,第三考场,3-337,24,60,84
1590,2018210801,第一考场,3-333,25,59,84
1591,2018212157,第十五考场, S114,25,59,84
1592,2019210381,第十八考场, S205,26,58,84
1593,2018210432,第十三考场,4-238,26,58,84
1594,2018213445,第十五考场, S114,26,58,84
1595,2019210918,第一考场,N103,26,58,84
1596,2017210078,第四考场,3-433,26,58,84
1597,2019211857,第十八考场, S205,26,58,84
1598,2019213181,第十六考场,S118,26,58,84
1599,2019213396,第九考场, N206,26,58,84
1600,2019211869,第十七考场, S202,26,58,84
1601,2018210063,第十二考场,4-203,28,56,84
1602,2019211115,第二考场,N104,29,55,84
1603,2018212183,第一考场,3-333,30,54,84
1604,2018210682,第十三考场,4-238,30,54,84
1605,2019212258,第十六考场,S118,21,62.5,83.5
1606,2019213124,第六考场,  N113,22,61.5,83.5
1607,2019210411,第十九考场, S208,24,59.5,83.5
1608,2019213268,第七考场, N118,25,58.5,83.5
1609,2019213251,第七考场, N118,25,58.5,83.5
1610,2019213264,第七考场, N118,25,58.5,83.5
1611,2018210850,第一考场,3-333,26,57.5,83.5
1612,2019211426,第十考场, N207,26,57.5,83.5
1613,2018210091,第十五考场,4-303,26,57.5,83.5
1614,2019212875,第十三考场,S107,26,57.5,83.5
1615,2019213534,第八考场,  N201,27,56.5,83.5
1616,2019210752,第十九考场, S208,27,56.5,83.5
1617,2018210415,第十三考场,4-238,27,56.5,83.5
1618,2018210883,第一考场,3-333,29,54.5,83.5
1619,2019212450,第十五考场, S114,29,54.5,83.5
1620,2018210939,第二考场,3-335,20,63,83
1621,2019213533,第三考场,N105,22,61,83
1622,2018212851,第五考场, N111,22,61,83
1623,2018212582,第四考场,N108,23,60,83
1624,2019212270,第一考场,N103,23,60,83
1625,2019211989,第二十一考场,N403,24,59,83
1626,2019212699,第十二考场, S106,24,59,83
1627,2018213236,第三考场,N105,25,58,83
1628,2017210266,第十一考场,4-202,25,58,83
1629,2019213356,第九考场, N206,25,58,83
1630,2019211073,第二考场,N104,25,58,83
1631,2019213598,第八考场,  N201,26,57,83
1632,2019213596,第八考场,  N201,26,57,83
1633,2019210937,第一考场,N103,27,56,83
1634,2019210194,第十八考场, S205,29,54,83
1635,2018213626,第十四考场, S112,29,54,83
1636,2018211005,第三考场,3-337,29,54,83
1637,2019211215,第十考场, N207,30,53,83
1638,2018210095,第十二考场,4-203,31,52,83
1639,2019213120,第六考场,  N113,31,52,83
1640,2018212642,第二考场,N104,22,60.5,82.5
1641,2018210875,第一考场,3-333,22,60.5,82.5
1642,2019210191,第十八考场, S205,23,59.5,82.5
1643,2019210213,第六考场,  N113,23,59.5,82.5
1644,2018210860,第二考场,3-335,24,58.5,82.5
1645,2019210112,第十八考场, S205,24,58.5,82.5
1646,2018210387,第十二考场,4-203,26,56.5,82.5
1647,2018213394,第二十考场,S210,26,56.5,82.5
1648,2019210550,第十九考场, S208,26,56.5,82.5
1649,2019211774,第十七考场, S202,27,55.5,82.5
1650,2019213555,第八考场,  N201,27,55.5,82.5
1651,2018210040,第十五考场,4-303,27,55.5,82.5
1652,2018210975,第二考场,3-335,27,55.5,82.5
1653,2019213658,第九考场, N206,27,55.5,82.5
1654,2017210847,第二考场,3-335,28,54.5,82.5
1655,2018212757,第四考场,N108,28,54.5,82.5
1656,2018213440,第十五考场, S114,28,54.5,82.5
1657,2019211011,第一考场,N103,28,54.5,82.5
1658,2018212624,第二考场,N104,28,54.5,82.5
1659,2019211184,第十考场, N207,31,51.5,82.5
1660,2018210224,第十六考场,4-401,17,65,82
1661,2019212643,第十二考场, S106,17,65,82
1662,2019211840,第十七考场, S202,20,62,82
1663,2019213466,第三考场,N105,20,62,82
1664,2017213427,第十一考场,4-202,22,60,82
1665,2019213650,第九考场, N206,22,60,82
1666,2018213393,第十六考场,S118,23,59,82
1667,2019213486,第三考场,N105,23,59,82
1668,2018212986,第十六考场,S118,24,58,82
1669,2018211690,第十一考场,4-202,24,58,82
1670,2018213446,第一考场,3-333,24,58,82
1671,2018212772,第四考场,N108,24,58,82
1672,2019212860,第十四考场, S112,24,58,82
1673,2018210198,第十五考场,4-303,25,57,82
1674,2018210853,第一考场,3-333,26,56,82
1675,2019213485,第三考场,N105,26,56,82
1676,2018213423,第十五考场, S114,27,55,82
1677,2018212689,第四考场,N108,27,55,82
1678,2019210101,第二十考场,S210,28,54,82
1679,2019211304,第十考场, N207,29,53,82
1680,2019211837,第十七考场, S202,30,52,82
1681,2018210709,第十三考场,4-238,14,67.5,81.5
1682,2018213504,第十九考场, S208,19,62.5,81.5
1683,2017210080,第十一考场,4-202,20,61.5,81.5
1684,2019213243,第七考场, N118,21,60.5,81.5
1685,2018212890,第五考场, N111,21,60.5,81.5
1686,2018212343,第九考场,3-539,21,60.5,81.5
1687,2019213305,第七考场, N118,21,60.5,81.5
1688,2018212864,第五考场, N111,22,59.5,81.5
1689,2019213014,第十三考场,S107,22,59.5,81.5
1690,2019212669,第十二考场, S106,23,58.5,81.5
1691,2019210351,第十八考场, S205,23,58.5,81.5
1692,2018210657,第十四考场,4-302,23,58.5,81.5
1693,2019213170,第七考场, N118,23,58.5,81.5
1694,2019211003,第十一考场, N209,24,57.5,81.5
1695,2019212420,第十五考场, S114,25,56.5,81.5
1696,2017210788,第二考场,3-335,25,56.5,81.5
1697,2019212511,第二考场,N104,25,56.5,81.5
1698,2019212483,第十五考场, S114,25,56.5,81.5
1699,2018210659,第十四考场,4-302,26,55.5,81.5
1700,2018212729,第四考场,N108,26,55.5,81.5
1701,2018212229,第六考场,3-437,27,54.5,81.5
1702,2019211186,第十考场, N207,28,53.5,81.5
1703,2018210394,第十二考场,4-203,30,51.5,81.5
1704,2018212462,第十考场,3-540,30,51.5,81.5
1705,2018210831,第一考场,3-333,16,65,81
1706,2018210395,第十六考场,4-401,18,63,81
1707,2018210848,第一考场,3-333,21,60,81
1708,2018211014,第三考场,3-337,22,59,81
1709,2018212774,第四考场,N108,22,59,81
1710,2018213191,第三考场,N105,23,58,81
1711,2019212745,第十二考场, S106,23,58,81
1712,2018210023,第十二考场,4-203,24,57,81
1713,2018210768,第十四考场,4-302,24,57,81
1714,2019213354,第二十考场,S210,24,57,81
1715,2019213523,第八考场,  N201,25,56,81
1716,2019212446,第十五考场, S114,25,56,81
1717,2018210974,第三考场,3-337,25,56,81
1718,2019211105,第二考场,N104,25,56,81
1719,2018210504,第十四考场,4-302,25,56,81
1720,2019210979,第一考场,N103,25,56,81
1721,2019212367,第十五考场, S114,25,56,81
1722,2018210506,第十三考场,4-238,26,55,81
1723,2019213135,第六考场,  N113,26,55,81
1724,2017210416,第十五考场,4-303,27,54,81
1725,2019213381,第九考场, N206,28,53,81
1726,2019211529,第十考场, N207,29,52,81
1727,2019210981,第一考场,N103,29,52,81
1728,2019211960,第十考场, N207,30,51,81
1729,2018212972,第五考场, N111,20,60.5,80.5
1730,2019213106,第六考场,  N113,20,60.5,80.5
1731,2019212631,第十二考场, S106,22,58.5,80.5
1732,2018213385,第十五考场, S114,22,58.5,80.5
1733,2019210230,第十八考场, S205,22,58.5,80.5
1734,2018210057,第十二考场,4-203,23,57.5,80.5
1735,2017213635,第十一考场,4-202,24,56.5,80.5
1736,2018212048,第一考场,3-333,24,56.5,80.5
1737,2019212676,第十二考场, S106,24,56.5,80.5
1738,2018212422,第十考场,3-540,24,56.5,80.5
1739,2018210663,第十三考场,4-238,25,55.5,80.5
1740,2019212726,第二十考场,S210,26,54.5,80.5
1741,2019212401,第十五考场, S114,26,54.5,80.5
1742,2019212600,第十二考场, S106,26,54.5,80.5
1743,2019211315,第二十一考场,N403,27,53.5,80.5
1744,2018213416,第十九考场, S208,28,52.5,80.5
1745,2019210220,第十八考场, S205,28,52.5,80.5
1746,2019212869,第十四考场, S112,20,60,80
1747,2018212621,第四考场,N108,20,60,80
1748,2018212981,第十六考场,S118,22,58,80
1749,2019212200,第十九考场, S208,23,57,80
1750,2019210527,第十九考场, S208,24,56,80
1751,2019212534,第二考场,N104,25,55,80
1752,2019211341,第十考场, N207,25,55,80
1753,2019212752,第十二考场, S106,26,54,80
1754,2018210010,第十三考场,4-238,27,53,80
1755,2018213391,第十四考场, S112,28,52,80
1756,2018210944,第一考场,3-333,28,52,80
1757,2018212665,第四考场,N108,28,52,80
1758,2018211805,第十六考场,4-401,29,51,80
1759,2019212518,第十一考场, N209,30,50,80
1760,2019212528,第十三考场,S107,19,60.5,79.5
1761,2018210650,第十三考场,4-238,20,59.5,79.5
1762,2018212766,第十六考场,S118,21,58.5,79.5
1763,2019212103,第十四考场, S112,21,58.5,79.5
1764,2019213292,第七考场, N118,23,56.5,79.5
1765,2018213493,第十六考场,S118,23,56.5,79.5
1766,2018213476,第一考场,3-333,24,55.5,79.5
1767,2018210824,第二考场,3-335,24,55.5,79.5
1768,2019212612,第十二考场, S106,26,53.5,79.5
1769,2019210032,第十七考场, S202,26,53.5,79.5
1770,2018212295,第九考场,3-539,26,53.5,79.5
1771,2018212600,第四考场,N108,27,52.5,79.5
1772,2019211924,第十考场, N207,27,52.5,79.5
1773,2018210189,第十二考场,4-203,27,52.5,79.5
1774,2018212256,第十考场, N207,28,51.5,79.5
1775,2019211155,第二考场,N104,28,51.5,79.5
1776,2018212616,第四考场,N108,28,51.5,79.5
1777,2019210847,第一考场,N103,29,50.5,79.5
1778,2019210283,第十八考场, S205,29,50.5,79.5
1779,2019213000,第十三考场,S107,31,48.5,79.5
1780,2019211314,第十考场, N207,31,48.5,79.5
1781,2019213205,第七考场, N118,20,59,79
1782,2019210287,第十八考场, S205,20,59,79
1783,2019211072,第二考场,N104,21,58,79
1784,2017212093,第二考场,3-335,22,57,79
1785,2019212146,第十四考场, S112,24,55,79
1786,2018213246,第十考场,3-540,24,55,79
1787,2018210728,第十四考场,4-302,24,55,79
1788,2018210281,第十四考场,4-302,25,54,79
1789,2018212113,第九考场,3-539,25,54,79
1790,2018212907,第五考场, N111,25,54,79
1791,2018212227,第一考场,3-333,25,54,79
1792,2019210697,第十九考场, S208,25,54,79
1793,2019211848,第十七考场, S202,26,53,79
1794,2018210351,第十四考场,4-302,26,53,79
1795,2019210739,第十九考场, S208,27,52,79
1796,2019212481,第十五考场, S114,28,51,79
1797,2019211363,第十一考场, N209,28,51,79
1798,2019213079,第六考场,  N113,28,51,79
1799,2018210859,第二考场,3-335,29,50,79
1800,2019210940,第一考场,N103,29,50,79
1801,2018210919,第一考场,3-333,29,50,79
1802,2019212613,第二考场,N104,17,61.5,78.5
1803,2019212677,第十三考场,S107,19,59.5,78.5
1804,2017211777,第十六考场,4-401,19,59.5,78.5
1805,2018210712,第十三考场,4-238,20,58.5,78.5
1806,2018213487,第十四考场,4-302,21,57.5,78.5
1807,2018210064,第十二考场,4-203,21,57.5,78.5
1808,2019212640,第十二考场, S106,22,56.5,78.5
1809,2018212891,第五考场, N111,22,56.5,78.5
1810,2019211876,第十七考场, S202,22,56.5,78.5
1811,2018210896,第二考场,3-335,22,56.5,78.5
1812,2018212201,第九考场,3-539,23,55.5,78.5
1813,2019212740,第十二考场, S106,24,54.5,78.5
1814,2019212565,第十三考场,S107,24,54.5,78.5
1815,2019210862,第一考场,N103,25,53.5,78.5
1816,2019211142,第二考场,N104,26,52.5,78.5
1817,2019212349,第十五考场, S114,26,52.5,78.5
1818,2019211600,第十考场, N207,26,52.5,78.5
1819,2019212844,第十二考场, S106,26,52.5,78.5
1820,2019212114,第十四考场, S112,27,51.5,78.5
1821,2018212441,第十考场,3-540,27,51.5,78.5
1822,2018212625,第二考场,N104,28,50.5,78.5
1823,2019210190,第六考场,  N113,21,57,78
1824,2018212049,第十四考场,4-302,21,57,78
1825,2019212248,第十六考场,S118,21,57,78
1826,2019210647,第三考场,N105,22,56,78
1827,2019211654,第十一考场, N209,22,56,78
1828,2019212276,第二十考场,S210,23,55,78
1829,2019210368,第十八考场, S205,23,55,78
1830,2019210935,第一考场,N103,23,55,78
1831,2018212610,第十六考场,S118,24,54,78
1832,2019210219,第十八考场, S205,24,54,78
1833,2018213537,第三考场,3-337,24,54,78
1834,2018212379,第十七考场, S202,24,54,78
1835,2019213621,第八考场,  N201,24,54,78
1836,2019212996,第十三考场,S107,25,53,78
1837,2018211906,第七考场,3-535,25,53,78
1838,2019210985,第一考场,N103,25,53,78
1839,2019212733,第十二考场, S106,25,53,78
1840,2019211065,第二考场,N104,26,52,78
1841,2019212621,第十一考场, N209,26,52,78
1842,2017212219,第八考场,3-537,27,51,78
1843,2017212967,第四考场,3-433,27,51,78
1844,2018211754,第十一考场,4-202,28,50,78
1845,2019213118,第六考场,  N113,30,48,78
1846,2019211101,第二考场,N104,19,58.5,77.5
1847,2019210028,第十七考场, S202,21,56.5,77.5
1848,2018212826,第五考场, N111,21,56.5,77.5
1849,2019210639,第十九考场, S208,23,54.5,77.5
1850,2018211817,第十一考场,4-202,23,54.5,77.5
1851,2019210635,第十六考场,S118,25,52.5,77.5
1852,2019211568,第十一考场, N209,25,52.5,77.5
1853,2018210700,第十六考场,4-401,25,52.5,77.5
1854,2019210778,第二十考场,S210,25,52.5,77.5
1855,2018211443,第六考场,3-437,25,52.5,77.5
1856,2019211288,第九考场, N206,26,51.5,77.5
1857,2019210350,第十八考场, S205,26,51.5,77.5
1858,2018212176,第九考场,3-539,26,51.5,77.5
1859,2019212973,第十三考场,S107,26,51.5,77.5
1860,2018213606,第十五考场, S114,28,49.5,77.5
1861,2019211405,第十考场, N207,28,49.5,77.5
1862,2019211005,第一考场,N103,29,48.5,77.5
1863,2019212934,第十三考场,S107,29,48.5,77.5
1864,2019210978,第一考场,N103,29,48.5,77.5
1865,2017213397,第一考场,3-333,18,59,77
1866,2019210657,第十九考场, S208,19,58,77
1867,2019211851,第十七考场, S202,21,56,77
1868,2018211077,第三考场,3-337,22,55,77
1869,2018210836,第一考场,3-333,22,55,77
1870,2019210926,第一考场,N103,22,55,77
1871,2019210958,第一考场,N103,22,55,77
1872,2018212444,第十考场,3-540,22,55,77
1873,2018212619,第四考场,N108,23,54,77
1874,2019210030,第十七考场, S202,23,54,77
1875,2018213432,第十三考场,4-238,23,54,77
1876,2019213091,第六考场,  N113,24,53,77
1877,2018212160,第十六考场,4-401,24,53,77
1878,2019210692,第十七考场, S202,24,53,77
1879,2019212780,第六考场,  N113,24,53,77
1880,2019210683,第十九考场, S208,25,52,77
1881,2019212179,第十考场, N207,26,51,77
1882,2019210982,第一考场,N103,26,51,77
1883,2019210791,第二十考场,S210,27,50,77
1884,2019211195,第十考场, N207,27,50,77
1885,2019212724,第十二考场, S106,27,50,77
1886,2019211210,第九考场, N206,28,49,77
1887,2019210931,第一考场,N103,28,49,77
1888,2018210806,第一考场,3-333,28,49,77
1889,2019211749,第十七考场, S202,28,49,77
1890,2018213040,第十六考场,S118,18,58.5,76.5
1891,2018210651,第十三考场,4-238,20,56.5,76.5
1892,2019211139,第二考场,N104,20,56.5,76.5
1893,2018210158,第十二考场,4-203,20,56.5,76.5
1894,2019212222,第十七考场, S202,22,54.5,76.5
1895,2019213295,第七考场, N118,22,54.5,76.5
1896,2019212144,第十四考场, S112,23,53.5,76.5
1897,2019213631,第八考场,  N201,23,53.5,76.5
1898,2019210240,第十八考场, S205,23,53.5,76.5
1899,2018212783,第四考场,N108,24,52.5,76.5
1900,2019210026,第一考场,N103,24,52.5,76.5
1901,2019213273,第七考场, N118,24,52.5,76.5
1902,2018211785,第十七考场,4-444,24,52.5,76.5
1903,2019213590,第八考场,  N201,25,51.5,76.5
1904,2019210820,第二十考场,S210,26,50.5,76.5
1905,2019212603,第十二考场, S106,26,50.5,76.5
1906,2019211334,第十一考场, N209,26,50.5,76.5
1907,2016212397,第八考场,3-537,26,50.5,76.5
1908,2019210994,第一考场,N103,27,49.5,76.5
1909,2019211453,第十考场, N207,28,48.5,76.5
1910,2019212706,第二十考场,S210,28,48.5,76.5
1911,2019211113,第二考场,N104,30,46.5,76.5
1912,2019210016,第十七考场, S202,16,60,76
1913,2018211778,第十七考场,4-444,19,57,76
1914,2018211479,第六考场,3-437,19,57,76
1915,2019210645,第十九考场, S208,20,56,76
1916,2019211210,第二考场,N104,21,55,76
1917,2018212075,第九考场,3-539,21,55,76
1918,2019210489,第十九考场, S208,22,54,76
1919,2018210501,第十四考场,4-302,23,53,76
1920,2018213542,第三考场,3-337,23,53,76
1921,2019212479,第十五考场, S114,23,53,76
1922,2019210941,第一考场,N103,23,53,76
1923,2019213552,第八考场,  N201,26,50,76
1924,2019211143,第二考场,N104,26,50,76
1925,2019213487,第三考场,N105,26,50,76
1926,2019211431,第十考场, N207,26,50,76
1927,2019212063,第十考场, N207,27,49,76
1928,2019213359,第九考场, N206,28,48,76
1929,2019210285,第十八考场, S205,28,48,76
1930,2019211112,第二考场,N104,28,48,76
1931,2019210579,第十九考场, S208,31,45,76
1932,2019211825,第十四考场, S112,19,56.5,75.5
1933,2019210504,第十九考场, S208,20,55.5,75.5
1934,2019212261,第十六考场,S118,20,55.5,75.5
1935,2019210505,第十九考场, S208,22,53.5,75.5
1936,2019211623,第十考场, N207,22,53.5,75.5
1937,2018210450,第十六考场,4-401,22,53.5,75.5
1938,2019212722,第十二考场, S106,22,53.5,75.5
1939,2019212641,第十二考场, S106,23,52.5,75.5
1940,2018211979,第七考场,3-535,23,52.5,75.5
1941,2019211411,第十一考场, N209,23,52.5,75.5
1942,2019522037,第十三考场,S107,23,52.5,75.5
1943,2018210535,第十六考场,4-401,23,52.5,75.5
1944,2019211193,第十考场, N207,24,51.5,75.5
1945,2019211424,第十考场, N207,24,51.5,75.5
1946,2018212130,第六考场,3-437,24,51.5,75.5
1947,2019210922,第一考场,N103,25,50.5,75.5
1948,2018210059,第十二考场,4-203,26,49.5,75.5
1949,2018212063,第九考场,3-539,26,49.5,75.5
1950,2019213116,第六考场,  N113,26,49.5,75.5
1951,2018212389,第四考场,N108,27,48.5,75.5
1952,2018210251,第六考场,3-437,29,46.5,75.5
1953,2019210864,第一考场,N103,30,45.5,75.5
1954,2019213066,第六考场,  N113,18,57,75
1955,2018212158,第九考场,3-539,20,55,75
1956,2018212606,第四考场,N108,21,54,75
1957,2019211042,第二考场,N104,22,53,75
1958,2019212383,第十二考场, S106,22,53,75
1959,2017210879,第二考场,3-335,23,52,75
1960,2019211196,第十考场, N207,24,51,75
1961,2018211029,第三考场,3-337,25,50,75
1962,2019213626,第八考场,  N201,26,49,75
1963,2018210231,第十六考场,4-401,26,49,75
1964,2019213184,第七考场, N118,28,47,75
1965,2018210930,第一考场,3-333,17,57.5,74.5
1966,2019212661,第十二考场, S106,19,55.5,74.5
1967,2018212598,第四考场,N108,20,54.5,74.5
1968,2018213492,第十六考场,S118,23,51.5,74.5
1969,2019210866,第一考场,N103,24,50.5,74.5
1970,2019210949,第一考场,N103,24,50.5,74.5
1971,2019210733,第二十考场,S210,25,49.5,74.5
1972,2019211550,第十考场, N207,25,49.5,74.5
1973,2018212082,第十九考场, S208,25,49.5,74.5
1974,2019210702,第十九考场, S208,25,49.5,74.5
1975,2019212775,第十四考场, S112,26,48.5,74.5
1976,2019212505,第二考场,N104,28,46.5,74.5
1977,2019212866,第十四考场, S112,29,45.5,74.5
1978,2019211177,第十考场, N207,29,45.5,74.5
1979,2019212212,第十六考场,S118,30,44.5,74.5
1980,2019213197,第七考场, N118,20,54,74
1981,2019210914,第一考场,N103,21,53,74
1982,2019211187,第二十考场,S210,23,51,74
1983,2019210328,第十八考场, S205,24,50,74
1984,2018211171,第九考场,3-539,24,50,74
1985,2018212982,第五考场, N111,24,50,74
1986,2018210402,第十二考场,4-203,25,49,74
1987,2019212181,第十四考场, S112,25,49,74
1988,2018213321,第十考场,3-540,25,49,74
1989,2019211668,第十考场, N207,27,47,74
1990,2018212021,第八考场,3-537,27,47,74
1991,2019212723,第十二考场, S106,27,47,74
1992,2018210136,第十六考场,4-401,27,47,74
1993,2019212639,第六考场,  N113,28,46,74
1994,2018212603,第四考场,N108,28,46,74
1995,2019212774,第十三考场,S107,28,46,74
1996,2018210822,第二考场,3-335,29,45,74
1997,2019210659,第十九考场, S208,19,54.5,73.5
1998,2018210577,第十三考场,4-238,21,52.5,73.5
1999,2019212492,第二考场,N104,21,52.5,73.5
2000,2019210913,第一考场,N103,22,51.5,73.5
2001,2018211394,第六考场,3-437,22,51.5,73.5
2002,2018213174,第六考场,  N113,23,50.5,73.5
2003,2019211384,第十一考场, N209,23,50.5,73.5
2004,2018210887,第一考场,3-333,24,49.5,73.5
2005,2019210668,第十九考场, S208,24,49.5,73.5
2006,2017212341,第八考场,3-537,24,49.5,73.5
2007,2018212272,第九考场,3-539,26,47.5,73.5
2008,2018212776,第四考场,N108,30,43.5,73.5
2009,2019211374,第十一考场, N209,16,57,73
2010,2018210404,第十二考场,4-203,17,56,73
2011,2019211878,第十七考场, S202,17,56,73
2012,2019212923,第十三考场,S107,20,53,73
2013,2017213442,第十一考场,4-202,21,52,73
2014,2019211662,第九考场, N206,22,51,73
2015,2018212226,第十九考场, S208,22,51,73
2016,2019212980,第十三考场,S107,23,50,73
2017,2018211652,第十一考场,4-202,24,49,73
2018,2018210978,第一考场,3-333,24,49,73
2019,2019210234,第十八考场, S205,25,48,73
2020,2019211732,第十考场, N207,25,48,73
2021,2019212094,第十四考场, S112,26,47,73
2022,2019213673,第九考场, N206,26,47,73
2023,2019211434,第十考场, N207,26,47,73
2024,2019212107,第十四考场, S112,27,46,73
2025,2018213413,第十五考场, S114,27,46,73
2026,2019211545,第十考场, N207,29,44,73
2027,2019210168,第十八考场, S205,17,55.5,72.5
2028,2017211799,第十六考场,4-401,18,54.5,72.5
2029,2018212632,第二考场,N104,20,52.5,72.5
2030,2018210210,第十六考场,4-401,20,52.5,72.5
2031,2019212714,第十二考场, S106,21,51.5,72.5
2032,2018210750,第十六考场,4-401,22,50.5,72.5
2033,2018211766,第十七考场,4-444,22,50.5,72.5
2034,2019211260,第十二考场, S106,22,50.5,72.5
2035,2018210233,第十二考场,4-203,22,50.5,72.5
2036,2018211341,第四考场,3-433,22,50.5,72.5
2037,2019211520,第十考场, N207,25,47.5,72.5
2038,2019211425,第十考场, N207,25,47.5,72.5
2039,2019212502,第二考场,N104,25,47.5,72.5
2040,2018213011,第五考场, N111,25,47.5,72.5
2041,2018213161,第六考场,  N113,25,47.5,72.5
2042,2019212635,第十二考场, S106,27,45.5,72.5
2043,2019212721,第十二考场, S106,27,45.5,72.5
2044,2019210141,第十八考场, S205,27,45.5,72.5
2045,2017213602,第十四考场, S112,28,44.5,72.5
2046,2019212751,第十二考场, S106,30,42.5,72.5
2047,2018210194,第十五考场,4-303,16,56,72
2048,2018210877,第二考场,3-335,20,52,72
2049,2019210756,第二十考场,S210,20,52,72
2050,2019211404,第十考场, N207,21,51,72
2051,2019211523,第十考场, N207,22,50,72
2052,2019212712,第二考场,N104,22,50,72
2053,2019211570,第十考场, N207,22,50,72
2054,2018211913,第七考场,3-535,23,49,72
2055,2019213160,第六考场,  N113,23,49,72
2056,2018213422,第十五考场, S114,24,48,72
2057,2018210168,第十五考场,4-303,24,48,72
2058,2019212893,第十三考场,S107,25,47,72
2059,2019210031,第十七考场, S202,25,47,72
2060,2019210431,第十九考场, S208,29,43,72
2061,2019211408,第十考场, N207,33,39,72
2062,2018212434,第十考场,3-540,22,49.5,71.5
2063,2019213512,第八考场,  N201,23,48.5,71.5
2064,2018211808,第十四考场,4-302,23,48.5,71.5
2065,2019212316,第一考场,N103,24,47.5,71.5
2066,2019211639,第十考场, N207,24,47.5,71.5
2067,2019212675,第二十考场,S210,25,46.5,71.5
2068,2019211421,第十考场, N207,28,43.5,71.5
2069,2018210820,第一考场,3-333,28,43.5,71.5
2070,2018211060,第三考场,3-337,28,43.5,71.5
2071,2018210724,第十四考场,4-302,14,57,71
2072,2018212096,第九考场,3-539,18,53,71
2073,2019210606,第二十考场,S210,19,52,71
2074,2019212477,第十五考场, S114,19,52,71
2075,2017212213,第八考场,3-537,21,50,71
2076,2019211504,第十考场, N207,23,48,71
2077,2019210325,第十八考场, S205,23,48,71
2078,2019212041,第十考场, N207,25,46,71
2079,2018212720,第四考场,N108,25,46,71
2080,2019211170,第十考场, N207,26,45,71
2081,2019213425,第九考场, N206,26,45,71
2082,2019211043,第二考场,N104,26,45,71
2083,2019213401,第九考场, N206,28,43,71
2084,2019213013,第十三考场,S107,29,42,71
2085,2019213579,第八考场,  N201,30,41,71
2086,2019210192,第十八考场, S205,16,54.5,70.5
2087,2019210903,第一考场,N103,19,51.5,70.5
2088,2018211420,第六考场,3-437,19,51.5,70.5
2089,2018211028,第三考场,3-337,21,49.5,70.5
2090,2019213015,第十三考场,S107,23,47.5,70.5
2091,2018210813,第一考场,3-333,25,45.5,70.5
2092,2018210971,第二考场,3-335,25,45.5,70.5
2093,2019212660,第十二考场, S106,26,44.5,70.5
2094,2018210815,第一考场,3-333,27,43.5,70.5
2095,2019210986,第一考场,N103,18,52,70
2096,2019210661,第十七考场, S202,19,51,70
2097,2019212789,第十四考场, S112,19,51,70
2098,2019210509,第十九考场, S208,19,51,70
2099,2018210670,第十四考场,4-302,19,51,70
2100,2019211375,第十一考场, N209,19,51,70
2101,2019212979,第十三考场,S107,19,51,70
2102,2018211067,第三考场,3-337,20,50,70
2103,2018210795,第一考场,3-333,22,48,70
2104,2018213332,第十考场,3-540,22,48,70
2105,2018213595,第十四考场, S112,22,48,70
2106,2019212959,第十三考场,S107,23,47,70
2107,2019212868,第十四考场, S112,24,46,70
2108,2018210030,第十二考场,4-203,25,45,70
2109,2019522137,第十七考场, S202,25,45,70
2110,2019210290,第十八考场, S205,17,52.5,69.5
2111,2018212031,第八考场,3-537,19,50.5,69.5
2112,2018211855,第七考场,3-535,20,49.5,69.5
2113,2018212129,第一考场,3-333,21,48.5,69.5
2114,2019212379,第十五考场, S114,21,48.5,69.5
2115,2018210006,第十二考场,4-203,22,47.5,69.5
2116,2018212234,第九考场,3-539,27,42.5,69.5
2117,2019211445,第十考场, N207,28,41.5,69.5
2118,2019212734,第十二考场, S106,29,40.5,69.5
2119,2019212251,第十六考场,S118,20,49,69
2120,2019212253,第十六考场,S118,20,49,69
2121,2019212242,第十六考场,S118,21,48,69
2122,2018210134,第十二考场,4-203,21,48,69
2123,2019211291,第九考场, N206,23,46,69
2124,2018212144,第二考场,3-335,23,46,69
2125,2019213451,第三考场,N105,23,46,69
2126,2019210919,第一考场,N103,26,43,69
2127,2019211078,第二考场,N104,27,42,69
2128,2019212338,第十五考场, S114,28,41,69
2129,2018210793,第一考场,3-333,28,41,69
2130,2019211888,第十七考场, S202,10,58.5,68.5
2131,2018212315,第九考场,3-539,19,49.5,68.5
2132,2019211046,第二考场,N104,20,48.5,68.5
2133,2019210377,第十八考场, S205,20,48.5,68.5
2134,2019212067,第十四考场, S112,21,47.5,68.5
2135,2018213549,第三考场,3-337,21,47.5,68.5
2136,2019210805,第二十考场,S210,21,47.5,68.5
2137,2019212493,第二考场,N104,21,47.5,68.5
2138,2019211018,第一考场,N103,23,45.5,68.5
2139,2019213643,第九考场, N206,23,45.5,68.5
2140,2019210144,第十八考场, S205,24,44.5,68.5
2141,2019210950,第一考场,N103,24,44.5,68.5
2142,2019210642,第六考场,  N113,24,44.5,68.5
2143,2019211875,第二十考场,S210,24,44.5,68.5
2144,2018212735,第十六考场,S118,27,41.5,68.5
2145,2019213072,第六考场,  N113,27,41.5,68.5
2146,2019213119,第六考场,  N113,27,41.5,68.5
2147,2018211350,第六考场,3-437,17,51,68
2148,2019212323,第十六考场,S118,19,49,68
2149,2019212021,第十二考场, S106,23,45,68
2150,2019212719,第一考场,N103,23,45,68
2151,2019211356,第九考场, N206,26,42,68
2152,2018210147,第十四考场,4-302,28,40,68
2153,2019211362,第十考场, N207,29,39,68
2154,2019211013,第一考场,N103,16,51.5,67.5
2155,2018212171,第八考场,3-537,19,48.5,67.5
2156,2019212237,第十六考场,S118,19,48.5,67.5
2157,2019212275,第十六考场,S118,20,47.5,67.5
2158,2019210976,第一考场,N103,21,46.5,67.5
2159,2019211969,第十考场, N207,21,46.5,67.5
2160,2018213119,第十六考场,S118,23,44.5,67.5
2161,2018210585,第十六考场,4-401,23,44.5,67.5
2162,2019212834,第十三考场,S107,23,44.5,67.5
2163,2019213620,第八考场,  N201,27,40.5,67.5
2164,2018210129,第十六考场,4-401,19,48,67
2165,2018213341,第十考场,3-540,20,47,67
2166,2019211870,第十七考场, S202,21,46,67
2167,2019211382,第十考场, N207,21,46,67
2168,2019211697,第二十考场,S210,22,45,67
2169,2017210262,第十四考场,4-302,23,44,67
2170,2019211025,第二考场,N104,24,43,67
2171,2018210013,第十二考场,4-203,24,43,67
2172,2019210094,第二十考场,S210,25,42,67
2173,2019211316,第二十一考场,N403,26,41,67
2174,2018213547,第三考场,3-337,17,49.5,66.5
2175,2018522051,第十五考场, S114,19,47.5,66.5
2176,2019522132,第十七考场, S202,20,46.5,66.5
2177,2018213654,第十四考场, S112,21,45.5,66.5
2178,2018212184,第八考场,3-537,22,44.5,66.5
2179,2018210149,第十二考场,4-203,22,44.5,66.5
2180,2018210872,第一考场,3-333,22,44.5,66.5
2181,2018211079,第三考场,3-337,23,43.5,66.5
2182,2018210320,第十二考场,4-203,23,43.5,66.5
2183,2018210531,第十三考场,4-238,24,42.5,66.5
2184,2019212203,第十六考场,S118,25,41.5,66.5
2185,2018212638,第二考场,N104,25,41.5,66.5
2186,2019213363,第九考场, N206,19,47,66
2187,2019213163,第六考场,  N113,20,46,66
2188,2019210314,第十八考场, S205,22,44,66
2189,2018210465,第十六考场,4-401,23,43,66
2190,2019210711,第十九考场, S208,25,41,66
2191,2018210717,第十三考场,4-238,27,39,66
2192,2019212602,第十二考场, S106,16,49.5,65.5
2193,2019210069,第十七考场, S202,17,48.5,65.5
2194,2017211676,第十一考场,4-202,19,46.5,65.5
2195,2019212215,第十六考场,S118,23,42.5,65.5
2196,2019213031,第六考场,  N113,24,41.5,65.5
2197,2018210997,第三考场,3-337,24,41.5,65.5
2198,2019213201,第七考场, N118,26,39.5,65.5
2199,2019211126,第二考场,N104,29,36.5,65.5
2200,2019212327,第十九考场, S208,15,50,65
2201,2019212608,第十二考场, S106,18,47,65
2202,2019212586,第十三考场,S107,19,46,65
2203,2019210188,第十八考场, S205,20,45,65
2204,2019211024,第二考场,N104,21,44,65
2205,2019212049,第十考场, N207,23,42,65
2206,2019210060,第十七考场, S202,23,42,65
2207,2018211807,第十一考场,4-202,23,42,65
2208,2019212337,第十五考场, S114,24,41,65
2209,2019211114,第二考场,N104,26,39,65
2210,2018211110,第三考场,3-337,27,38,65
2211,2019211110,第二考场,N104,29,36,65
2212,2019213636,第八考场,  N201,14,50.5,64.5
2213,2019212725,第十二考场, S106,18,46.5,64.5
2214,2019212339,第十五考场, S114,21,43.5,64.5
2215,2019211181,第十考场, N207,21,43.5,64.5
2216,2018212623,第四考场,N108,21,43.5,64.5
2217,2018210969,第二考场,3-335,22,42.5,64.5
2218,2019210879,第一考场,N103,24,40.5,64.5
2219,2018213257,第十四考场,4-302,17,47,64
2220,2019212366,第十五考场, S114,17,47,64
2221,2019210286,第十八考场, S205,22,42,64
2222,2019212138,第十四考场, S112,24,40,64
2223,2019212931,第十三考场,S107,18,45.5,63.5
2224,2019210920,第一考场,N103,19,44.5,63.5
2225,2019212567,第十三考场,S107,17,46,63
2226,2019211023,第一考场,N103,18,45,63
2227,2019213185,第七考场, N118,19,44,63
2228,2019212901,第十三考场,S107,20,43,63
2229,2018211102,第三考场,3-337,20,43,63
2230,2019210695,第十七考场, S202,20,43,63
2231,2018213447,第十五考场, S114,23,40,63
2232,2019211906,第十七考场, S202,24,39,63
2233,2019211377,第十一考场, N209,24,39,63
2234,2019211258,第十一考场, N209,26,37,63
2235,2018213016,第五考场, N111,28,35,63
2236,2019210637,第十九考场, S208,18,44.5,62.5
2237,2019211514,第十考场, N207,21,41.5,62.5
2238,2019210267,第十八考场, S205,21,41,62
2239,2018213401,第十五考场, S114,23,39,62
2240,2019213624,第八考场,  N201,25,37,62
2241,2018211033,第三考场,3-337,25,37,62
2242,2019210993,第一考场,N103,19,42.5,61.5
2243,2019212742,第十三考场,S107,20,41.5,61.5
2244,2018210955,第二考场,3-335,21,40.5,61.5
2245,2019211314,第二十一考场,N403,23,38.5,61.5
2246,2018213180,第六考场,  N113,23,38.5,61.5
2247,2019211634,第十考场, N207,25,36.5,61.5
2248,2019212256,第十六考场,S118,16,45,61
2249,2019211682,第十考场, N207,17,44,61
2250,2019211517,第十考场, N207,23,38,61
2251,2018212614,第四考场,N108,23,38,61
2252,2018210816,第一考场,3-333,23,38,61
2253,2018212006,第八考场,3-537,24,37,61
2254,2019213639,第九考场, N206,25,36,61
2255,2019210231,第十八考场, S205,27,34,61
2256,2018210288,第十六考场,4-401,19,44.5,60.5
2257,2019210029,第十七考场, S202,17,43.5,60.5
2258,2018210430,第十三考场,4-238,18,42.5,60.5
2259,2019211125,第十八考场, S205,19,41.5,60.5
2260,2019212290,第十二考场, S106,20,40.5,60.5
2261,2018210066,第十二考场,4-203,24,36.5,60.5
2262,2019212585,第十三考场,S107,15,45,60
2263,2019211229,第九考场, N206,17,43,60
2264,2018212108,第九考场,3-539,25,35,60
2265,2019213304,第七考场, N118,26,34,60
2266,2019213152,第六考场,  N113,26,34,60
2267,2018212764,第四考场,N108,21,38.5,59.5
2268,2019212961,第十三考场,S107,23,36.5,59.5
2269,2019522034,第十三考场,S107,25,34.5,59.5
2270,2017212042,第十二考场, S106,28,59,59
2271,2018210015,第十六考场,4-401,20,39,59
2272,2019212413,第十五考场, S114,21,38,59
2273,2019212504,第二考场,N104,22,37,59
2274,2019212595,第十二考场, S106,22,37,59
2275,2018213400,第十六考场,4-401,27,32,59
2276,2017212064,第八考场,3-537,17,41.5,58.5
2277,2019212497,第二考场,N104,20,38.5,58.5
2278,2017212384,第八考场,3-537,23,35.5,58.5
2279,2019210807,第二十考场,S210,19,39,58
2280,2018210139,第十四考场,4-302,20,38,58
2281,2019211454,第十考场, N207,20,38,58
2282,2019212221,第十四考场, S112,23,35,58
2283,2019212095,第十四考场, S112,24,34,58
2284,2018210137,第十二考场,4-203,28,30,58
2285,2019213293,第七考场, N118,21,36.5,57.5
2286,2019212622,第十二考场, S106,22,35.5,57.5
2287,2018210291,第十二考场,4-203,23,34.5,57.5
2288,2019212133,第十四考场, S112,23,34.5,57.5
2289,2019210397,第十八考场, S205,13,57,57
2290,2019212716,第十二考场, S106,15,42,57
2291,2018212257,第十六考场,4-401,18,39,57
2292,2019213375,第九考场, N206,21,36,57
2293,2019210096,第十八考场, S205,23,34,57
2294,2017211029,第二考场,3-335,15,41.5,56.5
2295,2019211468,第十考场, N207,16,40.5,56.5
2296,2017213392,第十一考场,4-202,19,37.5,56.5
2297,2019212090,第十四考场, S112,19,37.5,56.5
2298,2017212218,第八考场,3-537,20,36.5,56.5
2299,2018522052,第十五考场, S114,21,35.5,56.5
2300,2018212607,第四考场,N108,22,34.5,56.5
2301,2018211006,第三考场,3-337,22,34.5,56.5
2302,2018212161,第九考场,3-539,22,34.5,56.5
2303,2018212060,第九考场,3-539,24,32.5,56.5
2304,2018213124,第三考场,N105,11,45,56
2305,2018212034,第八考场,3-537,16,40,56
2306,2018522080,第十考场,3-540,18,38,56
2307,2019210924,第一考场,N103,24,32,56
2308,2019212604,第十二考场, S106,18,37.5,55.5
2309,2019211392,第十考场, N207,19,36.5,55.5
2310,2018210858,第二考场,3-335,23,32.5,55.5
2311,2018522076,第十考场,3-540,24,31.5,55.5
2312,2018212107,第九考场,3-539,22,33,55
2313,2018211616,第六考场,3-437,9,45.5,54.5
2314,2019210057,第十七考场, S202,16,38.5,54.5
2315,2019212490,第二考场,N104,17,37.5,54.5
2316,2018210258,第十三考场,4-238,19,35.5,54.5
2317,2018212554,第十考场,3-540,20,34,54
2318,2019213625,第八考场,  N201,22,32,54
2319,2018212599,第十六考场,S118,17,36.5,53.5
2320,2018210847,第二考场,3-335,18,35.5,53.5
2321,2019211896,第十七考场, S202,20,33.5,53.5
2322,2018210911,第一考场,3-333,16,37,53
2323,2018210826,第二考场,3-335,22,31,53
2324,2018213033,第五考场, N111,24,29,53
2325,2019210393,第十八考场, S205,27,52.5,52.5
2326,2019211439,第十考场, N207,25,27.5,52.5
2327,2018210892,第三考场,3-337,16,36,52
2328,2018522140,第十四考场,4-302,18,34,52
2329,2019211017,第一考场,N103,15,36,51
2330,2018213480,第十六考场,S118,20,31,51
2331,2018212620,第四考场,N108,17,33.5,50.5
2332,2019211194,第十考场, N207,18,32.5,50.5
2333,2019212509,第二考场,N104,18,32.5,50.5
2334,2019212115,第十四考场, S112,20,30.5,50.5
2335,2018211474,第六考场,3-437,25,25.5,50.5
2336,2019210232,第十八考场, S205,13,37,50
2337,2018210966,第二考场,3-335,22,28,50
2338,2019522035,第十三考场,S107,19,30.5,49.5
2339,2018213280,第十考场,3-540,11,38,49
2340,2019211828,第十七考场, S202,20,29,49
2341,2018210056,第十二考场,4-203,24,24.5,48.5
2342,2018210116,第十五考场,4-303,13,35,48
2343,2019212759,第十二考场, S106,14,34,48
2344,2018211688,第十一考场,4-202,16,32,48
2345,2018212519,第十九考场, S208,17,31,48
2346,2018210062,第十二考场,4-203,20,28,48
2347,2019211904,第十七考场, S202,6,41,47
2348,2018210094,第十二考场,4-203,18,29,47
2349,2019211176,第十考场, N207,23,23.5,46.5
2350,2018212172,第九考场,3-539,23,23.5,46.5
2351,2018212517,第七考场,3-535,26,20,46
2352,2018211073,第二考场,3-335,21,23.5,44.5
2353,2018213014,第五考场, N111,28,14.5,42.5
2354,2018211838,第十七考场,4-444,12,30,42
2355,2019211128,第二考场,N104,14,28,42
2356,2019212121,第十四考场, S112,16,26,42
2357,2019212386,第十五考场, S114,15,26.5,41.5
2358,2019212010,第十考场, N207,19,22.5,41.5
2359,2018213434,第十五考场, S114,13,28,41
2360,2019211744,第十七考场, S202,17,23,40
2361,2018210946,第一考场,3-333,16,21.5,37.5
2362,2019211337,第十考场, N207,14,22.5,36.5
2363,2018212231,第九考场,3-539,15,21.5,36.5
2364,2019213469,第三考场,N105,20,16,36
2365,2018211092,第三考场,3-337,23,11,34
2366,2018212947,第五考场, N111,25,8,33
2367,2019212486,第十五考场, S114,16,15,31
2368,2018212883,第五考场, N111,22,8,30
2369,2019211066,第二考场,N104,15,14.5,29.5
2370,2019210318,第十八考场, S205,19,10.5,29.5
2371,2018213000,第五考场, N111,26,3,29
2372,2018213029,第五考场, N111,19,9.5,28.5
2373,2018210942,第一考场,3-333,25,3.5,28.5
2374,2018212077,第九考场,3-539,25,3.5,28.5
2375,2018213003,第五考场, N111,23,4.5,27.5
2376,2019212553,第十三考场,S107,14,13,27
2377,2018213369,第十考场,3-540,19,7,26
2378,2018212074,第九考场,3-539,14,10,24
2379,2019212579,第十三考场,S107,21,1,22
2380,2019213036,第六考场,  N113,20,1.5,21.5
2381,2018211654,第十一考场,4-202,14,6.5,20.5
2382,2018211041,第三考场,3-337,15,5.5,20.5
2383,2019212499,第二考场,N104,17,2,19
2384,2018212905,第五考场, N111,19,0,19
2385,2018210918,第一考场,3-333,15,1,16
2386,2019210326,第十八考场, S205,11,3,14
2387,2018210936,第三考场,3-337,10,3,13
2388,2018213023,第五考场, N111,12,0,12
2389,2018212901,第五考场, N111,9,1.5,10.5
